[{"model": "admin.logentry", "pk": 1, "fields": {"action_time": "2022-11-04T11:45:30.481Z", "user": 1, "content_type": 20, "object_id": "1", "object_repr": "Men", "action_flag": 1, "change_message": "[{\"added\": {}}]"}}, {"model": "admin.logentry", "pk": 2, "fields": {"action_time": "2022-11-04T11:45:35.649Z", "user": 1, "content_type": 20, "object_id": "2", "object_repr": "Women", "action_flag": 1, "change_message": "[{\"added\": {}}]"}}, {"model": "admin.logentry", "pk": 3, "fields": {"action_time": "2022-11-04T11:45:41.806Z", "user": 1, "content_type": 20, "object_id": "3", "object_repr": "Kids", "action_flag": 1, "change_message": "[{\"added\": {}}]"}}, {"model": "admin.logentry", "pk": 4, "fields": {"action_time": "2022-11-04T11:45:51.436Z", "user": 1, "content_type": 20, "object_id": "4", "object_repr": "Shoes", "action_flag": 1, "change_message": "[{\"added\": {}}]"}}, {"model": "admin.logentry", "pk": 5, "fields": {"action_time": "2022-11-04T11:46:03.399Z", "user": 1, "content_type": 21, "object_id": "1", "object_repr": "Beige color", "action_flag": 1, "change_message": "[{\"added\": {}}]"}}, {"model": "admin.logentry", "pk": 6, "fields": {"action_time": "2022-11-04T11:46:06.772Z", "user": 1, "content_type": 21, "object_id": "2", "object_repr": "Red color", "action_flag": 1, "change_message": "[{\"added\": {}}]"}}, {"model": "admin.logentry", "pk": 7, "fields": {"action_time": "2022-11-04T11:46:12.789Z", "user": 1, "content_type": 21, "object_id": "3", "object_repr": "Black color", "action_flag": 1, "change_message": "[{\"added\": {}}]"}}, {"model": "admin.logentry", "pk": 8, "fields": {"action_time": "2022-11-04T11:46:25.739Z", "user": 1, "content_type": 22, "object_id": "1", "object_repr": "Zara", "action_flag": 1, "change_message": "[{\"added\": {}}]"}}, {"model": "admin.logentry", "pk": 9, "fields": {"action_time": "2022-11-04T11:46:41.498Z", "user": 1, "content_type": 22, "object_id": "2", "object_repr": "Bershka", "action_flag": 1, "change_message": "[{\"added\": {}}]"}}, {"model": "admin.logentry", "pk": 10, "fields": {"action_time": "2022-11-04T11:46:47.547Z", "user": 1, "content_type": 22, "object_id": "3", "object_repr": "Pull&Bear", "action_flag": 1, "change_message": "[{\"added\": {}}]"}}, {"model": "admin.logentry", "pk": 11, "fields": {"action_time": "2022-11-04T11:47:05.819Z", "user": 1, "content_type": 26, "object_id": "1", "object_repr": "1", "action_flag": 1, "change_message": "[{\"added\": {}}]"}}, {"model": "admin.logentry", "pk": 12, "fields": {"action_time": "2022-11-04T11:47:12.186Z", "user": 1, "content_type": 26, "object_id": "2", "object_repr": "2", "action_flag": 1, "change_message": "[{\"added\": {}}]"}}, {"model": "admin.logentry", "pk": 13, "fields": {"action_time": "2022-11-04T11:47:17.542Z", "user": 1, "content_type": 26, "object_id": "3", "object_repr": "3", "action_flag": 1, "change_message": "[{\"added\": {}}]"}}, {"model": "admin.logentry", "pk": 14, "fields": {"action_time": "2022-11-04T11:47:23.231Z", "user": 1, "content_type": 26, "object_id": "4", "object_repr": "4", "action_flag": 1, "change_message": "[{\"added\": {}}]"}}, {"model": "admin.logentry", "pk": 15, "fields": {"action_time": "2022-11-04T11:47:28.898Z", "user": 1, "content_type": 26, "object_id": "5", "object_repr": "5", "action_flag": 1, "change_message": "[{\"added\": {}}]"}}, {"model": "admin.logentry", "pk": 16, "fields": {"action_time": "2022-11-04T11:47:34.305Z", "user": 1, "content_type": 26, "object_id": "6", "object_repr": "6", "action_flag": 1, "change_message": "[{\"added\": {}}]"}}, {"model": "admin.logentry", "pk": 17, "fields": {"action_time": "2022-11-04T11:47:40.887Z", "user": 1, "content_type": 26, "object_id": "7", "object_repr": "7", "action_flag": 1, "change_message": "[{\"added\": {}}]"}}, {"model": "admin.logentry", "pk": 18, "fields": {"action_time": "2022-11-04T11:47:47.764Z", "user": 1, "content_type": 26, "object_id": "8", "object_repr": "8", "action_flag": 1, "change_message": "[{\"added\": {}}]"}}, {"model": "admin.logentry", "pk": 19, "fields": {"action_time": "2022-11-04T11:47:52.991Z", "user": 1, "content_type": 26, "object_id": "9", "object_repr": "9", "action_flag": 1, "change_message": "[{\"added\": {}}]"}}, {"model": "admin.logentry", "pk": 20, "fields": {"action_time": "2022-11-04T11:48:00.155Z", "user": 1, "content_type": 26, "object_id": "10", "object_repr": "10", "action_flag": 1, "change_message": "[{\"added\": {}}]"}}, {"model": "admin.logentry", "pk": 21, "fields": {"action_time": "2022-11-04T11:48:06.917Z", "user": 1, "content_type": 26, "object_id": "11", "object_repr": "11", "action_flag": 1, "change_message": "[{\"added\": {}}]"}}, {"model": "admin.logentry", "pk": 22, "fields": {"action_time": "2022-11-04T11:48:11.891Z", "user": 1, "content_type": 26, "object_id": "12", "object_repr": "12", "action_flag": 1, "change_message": "[{\"added\": {}}]"}}, {"model": "admin.logentry", "pk": 23, "fields": {"action_time": "2022-11-04T11:50:08.968Z", "user": 1, "content_type": 23, "object_id": "1", "object_repr": "High Tops", "action_flag": 1, "change_message": "[{\"added\": {}}, {\"added\": {\"name\": \"Product Version\", \"object\": \"High Tops's Beige version\"}}, {\"added\": {\"name\": \"Product Version\", \"object\": \"High Tops's Black version\"}}, {\"added\": {\"name\": \"Product Version\", \"object\": \"High Tops's Red version\"}}]"}}, {"model": "admin.logentry", "pk": 24, "fields": {"action_time": "2022-11-04T16:07:43.776Z", "user": 1, "content_type": 29, "object_id": "1", "object_repr": "Culture", "action_flag": 1, "change_message": "[{\"added\": {}}]"}}, {"model": "admin.logentry", "pk": 25, "fields": {"action_time": "2022-11-04T16:07:47.380Z", "user": 1, "content_type": 29, "object_id": "2", "object_repr": "Fashion", "action_flag": 1, "change_message": "[{\"added\": {}}]"}}, {"model": "admin.logentry", "pk": 26, "fields": {"action_time": "2022-11-04T16:08:02.229Z", "user": 1, "content_type": 29, "object_id": "3", "object_repr": "Beauty", "action_flag": 1, "change_message": "[{\"added\": {}}]"}}, {"model": "admin.logentry", "pk": 27, "fields": {"action_time": "2022-11-04T16:11:40.633Z", "user": 1, "content_type": 27, "object_id": "1", "object_repr": "Mark Moss", "action_flag": 1, "change_message": "[{\"added\": {}}]"}}, {"model": "admin.logentry", "pk": 28, "fields": {"action_time": "2022-11-04T16:12:24.092Z", "user": 1, "content_type": 27, "object_id": "2", "object_repr": "Emily Gadon", "action_flag": 1, "change_message": "[{\"added\": {}}]"}}, {"model": "admin.logentry", "pk": 29, "fields": {"action_time": "2022-11-04T16:12:58.841Z", "user": 1, "content_type": 27, "object_id": "2", "object_repr": "Emily Gadon", "action_flag": 2, "change_message": "[{\"changed\": {\"fields\": [\"Author image\"]}}]"}}, {"model": "admin.logentry", "pk": 30, "fields": {"action_time": "2022-11-04T16:13:44.569Z", "user": 1, "content_type": 27, "object_id": "3", "object_repr": "Henry Stanford", "action_flag": 1, "change_message": "[{\"added\": {}}]"}}, {"model": "admin.logentry", "pk": 31, "fields": {"action_time": "2022-11-04T16:14:02.618Z", "user": 1, "content_type": 27, "object_id": "4", "object_repr": "Sarah Wilson", "action_flag": 1, "change_message": "[{\"added\": {}}]"}}, {"model": "admin.logentry", "pk": 32, "fields": {"action_time": "2022-11-04T16:14:39.422Z", "user": 1, "content_type": 27, "object_id": "5", "object_repr": "Johnny Hammer", "action_flag": 1, "change_message": "[{\"added\": {}}]"}}, {"model": "admin.logentry", "pk": 33, "fields": {"action_time": "2022-11-04T16:14:56.700Z", "user": 1, "content_type": 27, "object_id": "6", "object_repr": "Miranda Johnson", "action_flag": 1, "change_message": "[{\"added\": {}}]"}}, {"model": "admin.logentry", "pk": 34, "fields": {"action_time": "2022-11-04T16:15:29.506Z", "user": 1, "content_type": 20, "object_id": "5", "object_repr": "Jackets", "action_flag": 1, "change_message": "[{\"added\": {}}]"}}, {"model": "admin.logentry", "pk": 35, "fields": {"action_time": "2022-11-04T16:15:37.528Z", "user": 1, "content_type": 20, "object_id": "6", "object_repr": "Dresses", "action_flag": 1, "change_message": "[{\"added\": {}}]"}}, {"model": "admin.logentry", "pk": 36, "fields": {"action_time": "2022-11-04T16:17:05.195Z", "user": 1, "content_type": 20, "object_id": "7", "object_repr": "Shirts", "action_flag": 1, "change_message": "[{\"added\": {}}]"}}, {"model": "admin.logentry", "pk": 37, "fields": {"action_time": "2022-11-04T16:18:38.475Z", "user": 1, "content_type": 20, "object_id": "8", "object_repr": "Sweaters", "action_flag": 1, "change_message": "[{\"added\": {}}]"}}, {"model": "admin.logentry", "pk": 38, "fields": {"action_time": "2022-11-04T16:19:18.848Z", "user": 1, "content_type": 20, "object_id": "9", "object_repr": "Pants", "action_flag": 1, "change_message": "[{\"added\": {}}]"}}, {"model": "admin.logentry", "pk": 39, "fields": {"action_time": "2022-11-04T16:24:30.932Z", "user": 1, "content_type": 26, "object_id": "13", "object_repr": "13", "action_flag": 1, "change_message": "[{\"added\": {}}]"}}, {"model": "admin.logentry", "pk": 40, "fields": {"action_time": "2022-11-04T16:24:37.462Z", "user": 1, "content_type": 21, "object_id": "4", "object_repr": "Blue color", "action_flag": 1, "change_message": "[{\"added\": {}}]"}}, {"model": "admin.logentry", "pk": 41, "fields": {"action_time": "2022-11-04T16:24:46.041Z", "user": 1, "content_type": 26, "object_id": "14", "object_repr": "14", "action_flag": 1, "change_message": "[{\"added\": {}}]"}}, {"model": "admin.logentry", "pk": 42, "fields": {"action_time": "2022-11-04T16:24:54.663Z", "user": 1, "content_type": 26, "object_id": "15", "object_repr": "15", "action_flag": 1, "change_message": "[{\"added\": {}}]"}}, {"model": "admin.logentry", "pk": 43, "fields": {"action_time": "2022-11-04T16:25:50.763Z", "user": 1, "content_type": 23, "object_id": "2", "object_repr": "3-pack Twill Joggers", "action_flag": 1, "change_message": "[{\"added\": {}}, {\"added\": {\"name\": \"Product Version\", \"object\": \"3-pack Twill Joggers's Blue version\"}}]"}}, {"model": "admin.logentry", "pk": 44, "fields": {"action_time": "2022-11-04T16:26:42.783Z", "user": 1, "content_type": 23, "object_id": "3", "object_repr": "Sweatpants", "action_flag": 1, "change_message": "[{\"added\": {}}]"}}, {"model": "admin.logentry", "pk": 45, "fields": {"action_time": "2022-11-04T16:27:24.715Z", "user": 1, "content_type": 21, "object_id": "5", "object_repr": "Grey color", "action_flag": 1, "change_message": "[{\"added\": {}}]"}}, {"model": "admin.logentry", "pk": 46, "fields": {"action_time": "2022-11-04T16:27:38.289Z", "user": 1, "content_type": 26, "object_id": "16", "object_repr": "16", "action_flag": 1, "change_message": "[{\"added\": {}}]"}}, {"model": "admin.logentry", "pk": 47, "fields": {"action_time": "2022-11-04T16:27:49.078Z", "user": 1, "content_type": 26, "object_id": "17", "object_repr": "17", "action_flag": 1, "change_message": "[{\"added\": {}}]"}}, {"model": "admin.logentry", "pk": 48, "fields": {"action_time": "2022-11-04T16:27:56.836Z", "user": 1, "content_type": 26, "object_id": "18", "object_repr": "18", "action_flag": 1, "change_message": "[{\"added\": {}}]"}}, {"model": "admin.logentry", "pk": 49, "fields": {"action_time": "2022-11-04T16:27:58.425Z", "user": 1, "content_type": 24, "object_id": "5", "object_repr": "Sweatpants's Grey version", "action_flag": 1, "change_message": "[{\"added\": {}}]"}}, {"model": "admin.logentry", "pk": 50, "fields": {"action_time": "2022-11-04T16:32:19.120Z", "user": 1, "content_type": 26, "object_id": "19", "object_repr": "19", "action_flag": 1, "change_message": "[{\"added\": {}}]"}}, {"model": "admin.logentry", "pk": 51, "fields": {"action_time": "2022-11-04T16:32:28.852Z", "user": 1, "content_type": 26, "object_id": "20", "object_repr": "20", "action_flag": 1, "change_message": "[{\"added\": {}}]"}}, {"model": "admin.logentry", "pk": 52, "fields": {"action_time": "2022-11-04T16:32:38.839Z", "user": 1, "content_type": 26, "object_id": "21", "object_repr": "21", "action_flag": 1, "change_message": "[{\"added\": {}}]"}}, {"model": "admin.logentry", "pk": 53, "fields": {"action_time": "2022-11-04T16:32:43.036Z", "user": 1, "content_type": 23, "object_id": "4", "object_repr": "Textured-knit Sweater", "action_flag": 1, "change_message": "[{\"added\": {}}, {\"added\": {\"name\": \"Product Version\", \"object\": \"Textured-knit Sweater's Red version\"}}]"}}, {"model": "admin.logentry", "pk": 54, "fields": {"action_time": "2022-11-04T16:34:26.383Z", "user": 1, "content_type": 26, "object_id": "22", "object_repr": "22", "action_flag": 1, "change_message": "[{\"added\": {}}]"}}, {"model": "admin.logentry", "pk": 55, "fields": {"action_time": "2022-11-04T16:34:32.892Z", "user": 1, "content_type": 26, "object_id": "23", "object_repr": "23", "action_flag": 1, "change_message": "[{\"added\": {}}]"}}, {"model": "admin.logentry", "pk": 56, "fields": {"action_time": "2022-11-04T16:34:38.005Z", "user": 1, "content_type": 26, "object_id": "24", "object_repr": "24", "action_flag": 1, "change_message": "[{\"added\": {}}]"}}, {"model": "admin.logentry", "pk": 57, "fields": {"action_time": "2022-11-04T16:35:14.238Z", "user": 1, "content_type": 23, "object_id": "5", "object_repr": "Waffle-knit Cotton Sweater", "action_flag": 1, "change_message": "[{\"added\": {}}]"}}, {"model": "admin.logentry", "pk": 58, "fields": {"action_time": "2022-11-04T16:39:30.121Z", "user": 1, "content_type": 26, "object_id": "25", "object_repr": "25", "action_flag": 1, "change_message": "[{\"added\": {}}]"}}, {"model": "admin.logentry", "pk": 59, "fields": {"action_time": "2022-11-04T16:39:35.430Z", "user": 1, "content_type": 26, "object_id": "26", "object_repr": "26", "action_flag": 1, "change_message": "[{\"added\": {}}]"}}, {"model": "admin.logentry", "pk": 60, "fields": {"action_time": "2022-11-04T16:39:42.168Z", "user": 1, "content_type": 26, "object_id": "27", "object_repr": "27", "action_flag": 1, "change_message": "[{\"added\": {}}]"}}, {"model": "admin.logentry", "pk": 61, "fields": {"action_time": "2022-11-04T16:39:49.652Z", "user": 1, "content_type": 26, "object_id": "28", "object_repr": "28", "action_flag": 1, "change_message": "[{\"added\": {}}]"}}, {"model": "admin.logentry", "pk": 62, "fields": {"action_time": "2022-11-04T16:39:59.825Z", "user": 1, "content_type": 26, "object_id": "29", "object_repr": "29", "action_flag": 1, "change_message": "[{\"added\": {}}]"}}, {"model": "admin.logentry", "pk": 63, "fields": {"action_time": "2022-11-04T16:40:06.990Z", "user": 1, "content_type": 26, "object_id": "30", "object_repr": "30", "action_flag": 1, "change_message": "[{\"added\": {}}]"}}, {"model": "admin.logentry", "pk": 64, "fields": {"action_time": "2022-11-04T16:40:14.166Z", "user": 1, "content_type": 26, "object_id": "31", "object_repr": "31", "action_flag": 1, "change_message": "[{\"added\": {}}]"}}, {"model": "admin.logentry", "pk": 65, "fields": {"action_time": "2022-11-04T16:40:38.233Z", "user": 1, "content_type": 26, "object_id": "32", "object_repr": "32", "action_flag": 1, "change_message": "[{\"added\": {}}]"}}, {"model": "admin.logentry", "pk": 66, "fields": {"action_time": "2022-11-04T16:40:45.568Z", "user": 1, "content_type": 23, "object_id": "6", "object_repr": "Ribbed Bodycon Dress", "action_flag": 1, "change_message": "[{\"added\": {}}, {\"added\": {\"name\": \"Product Version\", \"object\": \"Ribbed Bodycon Dress's Grey version\"}}, {\"added\": {\"name\": \"Product Version\", \"object\": \"Ribbed Bodycon Dress's Beige version\"}}]"}}, {"model": "admin.logentry", "pk": 67, "fields": {"action_time": "2022-11-04T16:42:42.948Z", "user": 1, "content_type": 26, "object_id": "33", "object_repr": "33", "action_flag": 1, "change_message": "[{\"added\": {}}]"}}, {"model": "admin.logentry", "pk": 68, "fields": {"action_time": "2022-11-04T16:42:49.289Z", "user": 1, "content_type": 26, "object_id": "34", "object_repr": "34", "action_flag": 1, "change_message": "[{\"added\": {}}]"}}, {"model": "admin.logentry", "pk": 69, "fields": {"action_time": "2022-11-04T16:42:55.871Z", "user": 1, "content_type": 26, "object_id": "35", "object_repr": "35", "action_flag": 1, "change_message": "[{\"added\": {}}]"}}, {"model": "admin.logentry", "pk": 70, "fields": {"action_time": "2022-11-04T16:43:01.553Z", "user": 1, "content_type": 26, "object_id": "36", "object_repr": "36", "action_flag": 1, "change_message": "[{\"added\": {}}]"}}, {"model": "admin.logentry", "pk": 71, "fields": {"action_time": "2022-11-04T16:43:03.150Z", "user": 1, "content_type": 23, "object_id": "7", "object_repr": "Knit Turtleneck Dress", "action_flag": 1, "change_message": "[{\"added\": {}}, {\"added\": {\"name\": \"Product Version\", \"object\": \"Knit Turtleneck Dress's Black version\"}}]"}}, {"model": "admin.logentry", "pk": 72, "fields": {"action_time": "2022-11-04T16:45:37.438Z", "user": 1, "content_type": 21, "object_id": "6", "object_repr": "White color", "action_flag": 1, "change_message": "[{\"added\": {}}]"}}, {"model": "admin.logentry", "pk": 73, "fields": {"action_time": "2022-11-04T16:45:44.746Z", "user": 1, "content_type": 26, "object_id": "37", "object_repr": "37", "action_flag": 1, "change_message": "[{\"added\": {}}]"}}, {"model": "admin.logentry", "pk": 74, "fields": {"action_time": "2022-11-04T16:45:55.458Z", "user": 1, "content_type": 26, "object_id": "38", "object_repr": "38", "action_flag": 1, "change_message": "[{\"added\": {}}]"}}, {"model": "admin.logentry", "pk": 75, "fields": {"action_time": "2022-11-04T16:46:02.356Z", "user": 1, "content_type": 26, "object_id": "39", "object_repr": "39", "action_flag": 1, "change_message": "[{\"added\": {}}]"}}, {"model": "admin.logentry", "pk": 76, "fields": {"action_time": "2022-11-04T16:46:07.284Z", "user": 1, "content_type": 26, "object_id": "40", "object_repr": "40", "action_flag": 1, "change_message": "[{\"added\": {}}]"}}, {"model": "admin.logentry", "pk": 77, "fields": {"action_time": "2022-11-04T16:46:09.840Z", "user": 1, "content_type": 23, "object_id": "8", "object_repr": "Oxford Shirt", "action_flag": 1, "change_message": "[{\"added\": {}}, {\"added\": {\"name\": \"Product Version\", \"object\": \"Oxford Shirt's White version\"}}]"}}, {"model": "admin.logentry", "pk": 78, "fields": {"action_time": "2022-11-04T16:47:46.992Z", "user": 1, "content_type": 26, "object_id": "41", "object_repr": "41", "action_flag": 1, "change_message": "[{\"added\": {}}]"}}, {"model": "admin.logentry", "pk": 79, "fields": {"action_time": "2022-11-04T16:47:56.966Z", "user": 1, "content_type": 26, "object_id": "42", "object_repr": "42", "action_flag": 1, "change_message": "[{\"added\": {}}]"}}, {"model": "admin.logentry", "pk": 80, "fields": {"action_time": "2022-11-04T16:48:01.186Z", "user": 1, "content_type": 26, "object_id": "43", "object_repr": "43", "action_flag": 1, "change_message": "[{\"added\": {}}]"}}, {"model": "admin.logentry", "pk": 81, "fields": {"action_time": "2022-11-04T16:48:05.460Z", "user": 1, "content_type": 26, "object_id": "44", "object_repr": "44", "action_flag": 1, "change_message": "[{\"added\": {}}]"}}, {"model": "admin.logentry", "pk": 82, "fields": {"action_time": "2022-11-04T16:48:09.535Z", "user": 1, "content_type": 26, "object_id": "45", "object_repr": "45", "action_flag": 1, "change_message": "[{\"added\": {}}]"}}, {"model": "admin.logentry", "pk": 83, "fields": {"action_time": "2022-11-04T16:49:23.649Z", "user": 1, "content_type": 23, "object_id": "9", "object_repr": "Oversized Poplin Shirt", "action_flag": 1, "change_message": "[{\"added\": {}}, {\"added\": {\"name\": \"Product Version\", \"object\": \"Oversized Poplin Shirt's Black version\"}}]"}}, {"model": "admin.logentry", "pk": 84, "fields": {"action_time": "2022-11-04T16:51:20.750Z", "user": 1, "content_type": 26, "object_id": "46", "object_repr": "46", "action_flag": 1, "change_message": "[{\"added\": {}}]"}}, {"model": "admin.logentry", "pk": 85, "fields": {"action_time": "2022-11-04T16:51:24.684Z", "user": 1, "content_type": 26, "object_id": "47", "object_repr": "47", "action_flag": 1, "change_message": "[{\"added\": {}}]"}}, {"model": "admin.logentry", "pk": 86, "fields": {"action_time": "2022-11-04T16:51:28.665Z", "user": 1, "content_type": 26, "object_id": "48", "object_repr": "48", "action_flag": 1, "change_message": "[{\"added\": {}}]"}}, {"model": "admin.logentry", "pk": 87, "fields": {"action_time": "2022-11-04T16:51:33.374Z", "user": 1, "content_type": 26, "object_id": "49", "object_repr": "49", "action_flag": 1, "change_message": "[{\"added\": {}}]"}}, {"model": "admin.logentry", "pk": 88, "fields": {"action_time": "2022-11-04T16:52:06.894Z", "user": 1, "content_type": 23, "object_id": "10", "object_repr": "Sneakers", "action_flag": 1, "change_message": "[{\"added\": {}}]"}}, {"model": "admin.logentry", "pk": 89, "fields": {"action_time": "2022-11-04T16:52:52.889Z", "user": 1, "content_type": 24, "object_id": "12", "object_repr": "Sneakers's White version", "action_flag": 1, "change_message": "[{\"added\": {}}]"}}, {"model": "admin.logentry", "pk": 90, "fields": {"action_time": "2022-11-04T16:56:11.864Z", "user": 1, "content_type": 26, "object_id": "50", "object_repr": "50", "action_flag": 1, "change_message": "[{\"added\": {}}]"}}, {"model": "admin.logentry", "pk": 91, "fields": {"action_time": "2022-11-04T16:56:15.571Z", "user": 1, "content_type": 26, "object_id": "51", "object_repr": "51", "action_flag": 1, "change_message": "[{\"added\": {}}]"}}, {"model": "admin.logentry", "pk": 92, "fields": {"action_time": "2022-11-04T16:56:19.445Z", "user": 1, "content_type": 26, "object_id": "52", "object_repr": "52", "action_flag": 1, "change_message": "[{\"added\": {}}]"}}, {"model": "admin.logentry", "pk": 93, "fields": {"action_time": "2022-11-04T16:56:23.036Z", "user": 1, "content_type": 26, "object_id": "53", "object_repr": "53", "action_flag": 1, "change_message": "[{\"added\": {}}]"}}, {"model": "admin.logentry", "pk": 94, "fields": {"action_time": "2022-11-04T16:56:27.421Z", "user": 1, "content_type": 26, "object_id": "54", "object_repr": "54", "action_flag": 1, "change_message": "[{\"added\": {}}]"}}, {"model": "admin.logentry", "pk": 95, "fields": {"action_time": "2022-11-04T16:56:31.197Z", "user": 1, "content_type": 26, "object_id": "55", "object_repr": "55", "action_flag": 1, "change_message": "[{\"added\": {}}]"}}, {"model": "admin.logentry", "pk": 96, "fields": {"action_time": "2022-11-04T16:56:34.468Z", "user": 1, "content_type": 26, "object_id": "56", "object_repr": "56", "action_flag": 1, "change_message": "[{\"added\": {}}]"}}, {"model": "admin.logentry", "pk": 97, "fields": {"action_time": "2022-11-04T16:56:39.759Z", "user": 1, "content_type": 26, "object_id": "57", "object_repr": "57", "action_flag": 1, "change_message": "[{\"added\": {}}]"}}, {"model": "admin.logentry", "pk": 98, "fields": {"action_time": "2022-11-04T16:57:52.161Z", "user": 1, "content_type": 23, "object_id": "11", "object_repr": "Wool-blend Shirt Jacket", "action_flag": 1, "change_message": "[{\"added\": {}}, {\"added\": {\"name\": \"Product Version\", \"object\": \"Wool-blend Shirt Jacket's Blue version\"}}]"}}, {"model": "admin.logentry", "pk": 99, "fields": {"action_time": "2022-11-04T16:58:59.018Z", "user": 1, "content_type": 23, "object_id": "12", "object_repr": "Bomber Jacket", "action_flag": 1, "change_message": "[{\"added\": {}}, {\"added\": {\"name\": \"Product Version\", \"object\": \"Bomber Jacket's Beige version\"}}]"}}, {"model": "admin.logentry", "pk": 100, "fields": {"action_time": "2022-11-04T17:04:16.519Z", "user": 1, "content_type": 22, "object_id": "3", "object_repr": "NewYorker", "action_flag": 2, "change_message": "[{\"changed\": {\"fields\": [\"Name\"]}}]"}}, {"model": "admin.logentry", "pk": 101, "fields": {"action_time": "2022-11-04T18:51:51.484Z", "user": 1, "content_type": 41, "object_id": "2", "object_repr": "'s wishlist", "action_flag": 2, "change_message": "[{\"changed\": {\"fields\": [\"Product\"]}}]"}}, {"model": "admin.logentry", "pk": 102, "fields": {"action_time": "2022-11-04T18:59:39.089Z", "user": 1, "content_type": 41, "object_id": "3", "object_repr": "'s wishlist", "action_flag": 2, "change_message": "[{\"changed\": {\"fields\": [\"Product\"]}}]"}}, {"model": "admin.logentry", "pk": 103, "fields": {"action_time": "2022-11-05T15:28:00.104Z", "user": 1, "content_type": 27, "object_id": "6", "object_repr": "Miranda Johnson", "action_flag": 3, "change_message": ""}}, {"model": "admin.logentry", "pk": 104, "fields": {"action_time": "2022-11-05T15:33:01.352Z", "user": 1, "content_type": 27, "object_id": "5", "object_repr": "James Smith", "action_flag": 2, "change_message": "[{\"changed\": {\"fields\": [\"Author\", \"Author image\"]}}]"}}, {"model": "admin.logentry", "pk": 105, "fields": {"action_time": "2022-11-05T15:33:20.945Z", "user": 1, "content_type": 27, "object_id": "4", "object_repr": "Taylor Miller", "action_flag": 2, "change_message": "[{\"changed\": {\"fields\": [\"Author\", \"Author image\"]}}]"}}, {"model": "admin.logentry", "pk": 106, "fields": {"action_time": "2022-11-05T15:33:55.149Z", "user": 1, "content_type": 27, "object_id": "3", "object_repr": "Miranda Jackson", "action_flag": 2, "change_message": "[{\"changed\": {\"fields\": [\"Author\", \"Author image\"]}}]"}}, {"model": "admin.logentry", "pk": 107, "fields": {"action_time": "2022-11-05T15:34:12.094Z", "user": 1, "content_type": 27, "object_id": "2", "object_repr": "Emily Rasmussen", "action_flag": 2, "change_message": "[{\"changed\": {\"fields\": [\"Author\", \"Author image\"]}}]"}}, {"model": "admin.logentry", "pk": 108, "fields": {"action_time": "2022-11-05T15:34:26.700Z", "user": 1, "content_type": 27, "object_id": "1", "object_repr": "Lily Stanford", "action_flag": 2, "change_message": "[{\"changed\": {\"fields\": [\"Author\", \"Author image\"]}}]"}}, {"model": "admin.logentry", "pk": 109, "fields": {"action_time": "2022-11-17T16:45:53.376Z", "user": 1, "content_type": 34, "object_id": "1", "object_repr": "rmusayevr19@gmail.com", "action_flag": 1, "change_message": "[{\"added\": {}}]"}}, {"model": "admin.logentry", "pk": 110, "fields": {"action_time": "2022-11-17T16:46:07.247Z", "user": 1, "content_type": 8, "object_id": "1", "object_repr": "Popular Products: 0 4 * * * (m/h/dM/MY/d) Asia/Baku", "action_flag": 2, "change_message": "[{\"changed\": {\"fields\": [\"Name\", \"Task (registered)\"]}}]"}}, {"model": "admin.logentry", "pk": 111, "fields": {"action_time": "2022-11-17T16:46:40.181Z", "user": 1, "content_type": 33, "object_id": "1", "object_repr": "FAQ 1", "action_flag": 1, "change_message": "[{\"added\": {}}]"}}, {"model": "admin.logentry", "pk": 112, "fields": {"action_time": "2022-11-17T16:46:44.918Z", "user": 1, "content_type": 33, "object_id": "2", "object_repr": "FAQ 2", "action_flag": 1, "change_message": "[{\"added\": {}}]"}}, {"model": "admin.logentry", "pk": 113, "fields": {"action_time": "2022-11-17T16:46:48.522Z", "user": 1, "content_type": 33, "object_id": "3", "object_repr": "FAQ 3", "action_flag": 1, "change_message": "[{\"added\": {}}]"}}, {"model": "admin.logentry", "pk": 114, "fields": {"action_time": "2022-11-17T16:46:52.382Z", "user": 1, "content_type": 33, "object_id": "4", "object_repr": "FAQ 4", "action_flag": 1, "change_message": "[{\"added\": {}}]"}}, {"model": "admin.logentry", "pk": 115, "fields": {"action_time": "2022-11-17T16:46:55.881Z", "user": 1, "content_type": 33, "object_id": "5", "object_repr": "FAQ 5", "action_flag": 1, "change_message": "[{\"added\": {}}]"}}, {"model": "auth.permission", "pk": 1, "fields": {"name": "Can add log entry", "content_type": 1, "codename": "add_logentry"}}, {"model": "auth.permission", "pk": 2, "fields": {"name": "Can change log entry", "content_type": 1, "codename": "change_logentry"}}, {"model": "auth.permission", "pk": 3, "fields": {"name": "Can delete log entry", "content_type": 1, "codename": "delete_logentry"}}, {"model": "auth.permission", "pk": 4, "fields": {"name": "Can view log entry", "content_type": 1, "codename": "view_logentry"}}, {"model": "auth.permission", "pk": 5, "fields": {"name": "Can add permission", "content_type": 2, "codename": "add_permission"}}, {"model": "auth.permission", "pk": 6, "fields": {"name": "Can change permission", "content_type": 2, "codename": "change_permission"}}, {"model": "auth.permission", "pk": 7, "fields": {"name": "Can delete permission", "content_type": 2, "codename": "delete_permission"}}, {"model": "auth.permission", "pk": 8, "fields": {"name": "Can view permission", "content_type": 2, "codename": "view_permission"}}, {"model": "auth.permission", "pk": 9, "fields": {"name": "Can add group", "content_type": 3, "codename": "add_group"}}, {"model": "auth.permission", "pk": 10, "fields": {"name": "Can change group", "content_type": 3, "codename": "change_group"}}, {"model": "auth.permission", "pk": 11, "fields": {"name": "Can delete group", "content_type": 3, "codename": "delete_group"}}, {"model": "auth.permission", "pk": 12, "fields": {"name": "Can view group", "content_type": 3, "codename": "view_group"}}, {"model": "auth.permission", "pk": 13, "fields": {"name": "Can add content type", "content_type": 4, "codename": "add_contenttype"}}, {"model": "auth.permission", "pk": 14, "fields": {"name": "Can change content type", "content_type": 4, "codename": "change_contenttype"}}, {"model": "auth.permission", "pk": 15, "fields": {"name": "Can delete content type", "content_type": 4, "codename": "delete_contenttype"}}, {"model": "auth.permission", "pk": 16, "fields": {"name": "Can view content type", "content_type": 4, "codename": "view_contenttype"}}, {"model": "auth.permission", "pk": 17, "fields": {"name": "Can add session", "content_type": 5, "codename": "add_session"}}, {"model": "auth.permission", "pk": 18, "fields": {"name": "Can change session", "content_type": 5, "codename": "change_session"}}, {"model": "auth.permission", "pk": 19, "fields": {"name": "Can delete session", "content_type": 5, "codename": "delete_session"}}, {"model": "auth.permission", "pk": 20, "fields": {"name": "Can view session", "content_type": 5, "codename": "view_session"}}, {"model": "auth.permission", "pk": 21, "fields": {"name": "Can add crontab", "content_type": 6, "codename": "add_crontabschedule"}}, {"model": "auth.permission", "pk": 22, "fields": {"name": "Can change crontab", "content_type": 6, "codename": "change_crontabschedule"}}, {"model": "auth.permission", "pk": 23, "fields": {"name": "Can delete crontab", "content_type": 6, "codename": "delete_crontabschedule"}}, {"model": "auth.permission", "pk": 24, "fields": {"name": "Can view crontab", "content_type": 6, "codename": "view_crontabschedule"}}, {"model": "auth.permission", "pk": 25, "fields": {"name": "Can add interval", "content_type": 7, "codename": "add_intervalschedule"}}, {"model": "auth.permission", "pk": 26, "fields": {"name": "Can change interval", "content_type": 7, "codename": "change_intervalschedule"}}, {"model": "auth.permission", "pk": 27, "fields": {"name": "Can delete interval", "content_type": 7, "codename": "delete_intervalschedule"}}, {"model": "auth.permission", "pk": 28, "fields": {"name": "Can view interval", "content_type": 7, "codename": "view_intervalschedule"}}, {"model": "auth.permission", "pk": 29, "fields": {"name": "Can add periodic task", "content_type": 8, "codename": "add_periodictask"}}, {"model": "auth.permission", "pk": 30, "fields": {"name": "Can change periodic task", "content_type": 8, "codename": "change_periodictask"}}, {"model": "auth.permission", "pk": 31, "fields": {"name": "Can delete periodic task", "content_type": 8, "codename": "delete_periodictask"}}, {"model": "auth.permission", "pk": 32, "fields": {"name": "Can view periodic task", "content_type": 8, "codename": "view_periodictask"}}, {"model": "auth.permission", "pk": 33, "fields": {"name": "Can add periodic tasks", "content_type": 9, "codename": "add_periodictasks"}}, {"model": "auth.permission", "pk": 34, "fields": {"name": "Can change periodic tasks", "content_type": 9, "codename": "change_periodictasks"}}, {"model": "auth.permission", "pk": 35, "fields": {"name": "Can delete periodic tasks", "content_type": 9, "codename": "delete_periodictasks"}}, {"model": "auth.permission", "pk": 36, "fields": {"name": "Can view periodic tasks", "content_type": 9, "codename": "view_periodictasks"}}, {"model": "auth.permission", "pk": 37, "fields": {"name": "Can add solar event", "content_type": 10, "codename": "add_solarschedule"}}, {"model": "auth.permission", "pk": 38, "fields": {"name": "Can change solar event", "content_type": 10, "codename": "change_solarschedule"}}, {"model": "auth.permission", "pk": 39, "fields": {"name": "Can delete solar event", "content_type": 10, "codename": "delete_solarschedule"}}, {"model": "auth.permission", "pk": 40, "fields": {"name": "Can view solar event", "content_type": 10, "codename": "view_solarschedule"}}, {"model": "auth.permission", "pk": 41, "fields": {"name": "Can add clocked", "content_type": 11, "codename": "add_clockedschedule"}}, {"model": "auth.permission", "pk": 42, "fields": {"name": "Can change clocked", "content_type": 11, "codename": "change_clockedschedule"}}, {"model": "auth.permission", "pk": 43, "fields": {"name": "Can delete clocked", "content_type": 11, "codename": "delete_clockedschedule"}}, {"model": "auth.permission", "pk": 44, "fields": {"name": "Can view clocked", "content_type": 11, "codename": "view_clockedschedule"}}, {"model": "auth.permission", "pk": 45, "fields": {"name": "Can add task result", "content_type": 12, "codename": "add_taskresult"}}, {"model": "auth.permission", "pk": 46, "fields": {"name": "Can change task result", "content_type": 12, "codename": "change_taskresult"}}, {"model": "auth.permission", "pk": 47, "fields": {"name": "Can delete task result", "content_type": 12, "codename": "delete_taskresult"}}, {"model": "auth.permission", "pk": 48, "fields": {"name": "Can view task result", "content_type": 12, "codename": "view_taskresult"}}, {"model": "auth.permission", "pk": 49, "fields": {"name": "Can add chord counter", "content_type": 13, "codename": "add_chordcounter"}}, {"model": "auth.permission", "pk": 50, "fields": {"name": "Can change chord counter", "content_type": 13, "codename": "change_chordcounter"}}, {"model": "auth.permission", "pk": 51, "fields": {"name": "Can delete chord counter", "content_type": 13, "codename": "delete_chordcounter"}}, {"model": "auth.permission", "pk": 52, "fields": {"name": "Can view chord counter", "content_type": 13, "codename": "view_chordcounter"}}, {"model": "auth.permission", "pk": 53, "fields": {"name": "Can add group result", "content_type": 14, "codename": "add_groupresult"}}, {"model": "auth.permission", "pk": 54, "fields": {"name": "Can change group result", "content_type": 14, "codename": "change_groupresult"}}, {"model": "auth.permission", "pk": 55, "fields": {"name": "Can delete group result", "content_type": 14, "codename": "delete_groupresult"}}, {"model": "auth.permission", "pk": 56, "fields": {"name": "Can view group result", "content_type": 14, "codename": "view_groupresult"}}, {"model": "auth.permission", "pk": 57, "fields": {"name": "Can add association", "content_type": 15, "codename": "add_association"}}, {"model": "auth.permission", "pk": 58, "fields": {"name": "Can change association", "content_type": 15, "codename": "change_association"}}, {"model": "auth.permission", "pk": 59, "fields": {"name": "Can delete association", "content_type": 15, "codename": "delete_association"}}, {"model": "auth.permission", "pk": 60, "fields": {"name": "Can view association", "content_type": 15, "codename": "view_association"}}, {"model": "auth.permission", "pk": 61, "fields": {"name": "Can add code", "content_type": 16, "codename": "add_code"}}, {"model": "auth.permission", "pk": 62, "fields": {"name": "Can change code", "content_type": 16, "codename": "change_code"}}, {"model": "auth.permission", "pk": 63, "fields": {"name": "Can delete code", "content_type": 16, "codename": "delete_code"}}, {"model": "auth.permission", "pk": 64, "fields": {"name": "Can view code", "content_type": 16, "codename": "view_code"}}, {"model": "auth.permission", "pk": 65, "fields": {"name": "Can add nonce", "content_type": 17, "codename": "add_nonce"}}, {"model": "auth.permission", "pk": 66, "fields": {"name": "Can change nonce", "content_type": 17, "codename": "change_nonce"}}, {"model": "auth.permission", "pk": 67, "fields": {"name": "Can delete nonce", "content_type": 17, "codename": "delete_nonce"}}, {"model": "auth.permission", "pk": 68, "fields": {"name": "Can view nonce", "content_type": 17, "codename": "view_nonce"}}, {"model": "auth.permission", "pk": 69, "fields": {"name": "Can add user social auth", "content_type": 18, "codename": "add_usersocialauth"}}, {"model": "auth.permission", "pk": 70, "fields": {"name": "Can change user social auth", "content_type": 18, "codename": "change_usersocialauth"}}, {"model": "auth.permission", "pk": 71, "fields": {"name": "Can delete user social auth", "content_type": 18, "codename": "delete_usersocialauth"}}, {"model": "auth.permission", "pk": 72, "fields": {"name": "Can view user social auth", "content_type": 18, "codename": "view_usersocialauth"}}, {"model": "auth.permission", "pk": 73, "fields": {"name": "Can add partial", "content_type": 19, "codename": "add_partial"}}, {"model": "auth.permission", "pk": 74, "fields": {"name": "Can change partial", "content_type": 19, "codename": "change_partial"}}, {"model": "auth.permission", "pk": 75, "fields": {"name": "Can delete partial", "content_type": 19, "codename": "delete_partial"}}, {"model": "auth.permission", "pk": 76, "fields": {"name": "Can view partial", "content_type": 19, "codename": "view_partial"}}, {"model": "auth.permission", "pk": 77, "fields": {"name": "Can add Category", "content_type": 20, "codename": "add_category"}}, {"model": "auth.permission", "pk": 78, "fields": {"name": "Can change Category", "content_type": 20, "codename": "change_category"}}, {"model": "auth.permission", "pk": 79, "fields": {"name": "Can delete Category", "content_type": 20, "codename": "delete_category"}}, {"model": "auth.permission", "pk": 80, "fields": {"name": "Can view Category", "content_type": 20, "codename": "view_category"}}, {"model": "auth.permission", "pk": 81, "fields": {"name": "Can add Product Color", "content_type": 21, "codename": "add_color"}}, {"model": "auth.permission", "pk": 82, "fields": {"name": "Can change Product Color", "content_type": 21, "codename": "change_color"}}, {"model": "auth.permission", "pk": 83, "fields": {"name": "Can delete Product Color", "content_type": 21, "codename": "delete_color"}}, {"model": "auth.permission", "pk": 84, "fields": {"name": "Can view Product Color", "content_type": 21, "codename": "view_color"}}, {"model": "auth.permission", "pk": 85, "fields": {"name": "Can add Product Manufacturer", "content_type": 22, "codename": "add_manufacturer"}}, {"model": "auth.permission", "pk": 86, "fields": {"name": "Can change Product Manufacturer", "content_type": 22, "codename": "change_manufacturer"}}, {"model": "auth.permission", "pk": 87, "fields": {"name": "Can delete Product Manufacturer", "content_type": 22, "codename": "delete_manufacturer"}}, {"model": "auth.permission", "pk": 88, "fields": {"name": "Can view Product Manufacturer", "content_type": 22, "codename": "view_manufacturer"}}, {"model": "auth.permission", "pk": 89, "fields": {"name": "Can add Product", "content_type": 23, "codename": "add_product"}}, {"model": "auth.permission", "pk": 90, "fields": {"name": "Can change Product", "content_type": 23, "codename": "change_product"}}, {"model": "auth.permission", "pk": 91, "fields": {"name": "Can delete Product", "content_type": 23, "codename": "delete_product"}}, {"model": "auth.permission", "pk": 92, "fields": {"name": "Can view Product", "content_type": 23, "codename": "view_product"}}, {"model": "auth.permission", "pk": 93, "fields": {"name": "Can add Product Version", "content_type": 24, "codename": "add_product_version"}}, {"model": "auth.permission", "pk": 94, "fields": {"name": "Can change Product Version", "content_type": 24, "codename": "change_product_version"}}, {"model": "auth.permission", "pk": 95, "fields": {"name": "Can delete Product Version", "content_type": 24, "codename": "delete_product_version"}}, {"model": "auth.permission", "pk": 96, "fields": {"name": "Can view Product Version", "content_type": 24, "codename": "view_product_version"}}, {"model": "auth.permission", "pk": 97, "fields": {"name": "Can add Product Review", "content_type": 25, "codename": "add_review"}}, {"model": "auth.permission", "pk": 98, "fields": {"name": "Can change Product Review", "content_type": 25, "codename": "change_review"}}, {"model": "auth.permission", "pk": 99, "fields": {"name": "Can delete Product Review", "content_type": 25, "codename": "delete_review"}}, {"model": "auth.permission", "pk": 100, "fields": {"name": "Can view Product Review", "content_type": 25, "codename": "view_review"}}, {"model": "auth.permission", "pk": 101, "fields": {"name": "Can add Product Image", "content_type": 26, "codename": "add_image"}}, {"model": "auth.permission", "pk": 102, "fields": {"name": "Can change Product Image", "content_type": 26, "codename": "change_image"}}, {"model": "auth.permission", "pk": 103, "fields": {"name": "Can delete Product Image", "content_type": 26, "codename": "delete_image"}}, {"model": "auth.permission", "pk": 104, "fields": {"name": "Can view Product Image", "content_type": 26, "codename": "view_image"}}, {"model": "auth.permission", "pk": 105, "fields": {"name": "Can add Author", "content_type": 27, "codename": "add_author"}}, {"model": "auth.permission", "pk": 106, "fields": {"name": "Can change Author", "content_type": 27, "codename": "change_author"}}, {"model": "auth.permission", "pk": 107, "fields": {"name": "Can delete Author", "content_type": 27, "codename": "delete_author"}}, {"model": "auth.permission", "pk": 108, "fields": {"name": "Can view Author", "content_type": 27, "codename": "view_author"}}, {"model": "auth.permission", "pk": 109, "fields": {"name": "Can add Blog", "content_type": 28, "codename": "add_blog"}}, {"model": "auth.permission", "pk": 110, "fields": {"name": "Can change Blog", "content_type": 28, "codename": "change_blog"}}, {"model": "auth.permission", "pk": 111, "fields": {"name": "Can delete Blog", "content_type": 28, "codename": "delete_blog"}}, {"model": "auth.permission", "pk": 112, "fields": {"name": "Can view Blog", "content_type": 28, "codename": "view_blog"}}, {"model": "auth.permission", "pk": 113, "fields": {"name": "Can add Category", "content_type": 29, "codename": "add_category"}}, {"model": "auth.permission", "pk": 114, "fields": {"name": "Can change Category", "content_type": 29, "codename": "change_category"}}, {"model": "auth.permission", "pk": 115, "fields": {"name": "Can delete Category", "content_type": 29, "codename": "delete_category"}}, {"model": "auth.permission", "pk": 116, "fields": {"name": "Can view Category", "content_type": 29, "codename": "view_category"}}, {"model": "auth.permission", "pk": 117, "fields": {"name": "Can add Comment", "content_type": 30, "codename": "add_comment"}}, {"model": "auth.permission", "pk": 118, "fields": {"name": "Can change Comment", "content_type": 30, "codename": "change_comment"}}, {"model": "auth.permission", "pk": 119, "fields": {"name": "Can delete Comment", "content_type": 30, "codename": "delete_comment"}}, {"model": "auth.permission", "pk": 120, "fields": {"name": "Can view Comment", "content_type": 30, "codename": "view_comment"}}, {"model": "auth.permission", "pk": 121, "fields": {"name": "Can add BlockedIP", "content_type": 31, "codename": "add_blockedip"}}, {"model": "auth.permission", "pk": 122, "fields": {"name": "Can change BlockedIP", "content_type": 31, "codename": "change_blockedip"}}, {"model": "auth.permission", "pk": 123, "fields": {"name": "Can delete BlockedIP", "content_type": 31, "codename": "delete_blockedip"}}, {"model": "auth.permission", "pk": 124, "fields": {"name": "Can view BlockedIP", "content_type": 31, "codename": "view_blockedip"}}, {"model": "auth.permission", "pk": 125, "fields": {"name": "Can add Contact Us Comment", "content_type": 32, "codename": "add_contactus"}}, {"model": "auth.permission", "pk": 126, "fields": {"name": "Can change Contact Us Comment", "content_type": 32, "codename": "change_contactus"}}, {"model": "auth.permission", "pk": 127, "fields": {"name": "Can delete Contact Us Comment", "content_type": 32, "codename": "delete_contactus"}}, {"model": "auth.permission", "pk": 128, "fields": {"name": "Can view Contact Us Comment", "content_type": 32, "codename": "view_contactus"}}, {"model": "auth.permission", "pk": 129, "fields": {"name": "Can add FAQ", "content_type": 33, "codename": "add_faq"}}, {"model": "auth.permission", "pk": 130, "fields": {"name": "Can change FAQ", "content_type": 33, "codename": "change_faq"}}, {"model": "auth.permission", "pk": 131, "fields": {"name": "Can delete FAQ", "content_type": 33, "codename": "delete_faq"}}, {"model": "auth.permission", "pk": 132, "fields": {"name": "Can view FAQ", "content_type": 33, "codename": "view_faq"}}, {"model": "auth.permission", "pk": 133, "fields": {"name": "Can add Subscriber", "content_type": 34, "codename": "add_subscriber"}}, {"model": "auth.permission", "pk": 134, "fields": {"name": "Can change Subscriber", "content_type": 34, "codename": "change_subscriber"}}, {"model": "auth.permission", "pk": 135, "fields": {"name": "Can delete Subscriber", "content_type": 34, "codename": "delete_subscriber"}}, {"model": "auth.permission", "pk": 136, "fields": {"name": "Can view Subscriber", "content_type": 34, "codename": "view_subscriber"}}, {"model": "auth.permission", "pk": 137, "fields": {"name": "Can add Address Information", "content_type": 35, "codename": "add_address_information"}}, {"model": "auth.permission", "pk": 138, "fields": {"name": "Can change Address Information", "content_type": 35, "codename": "change_address_information"}}, {"model": "auth.permission", "pk": 139, "fields": {"name": "Can delete Address Information", "content_type": 35, "codename": "delete_address_information"}}, {"model": "auth.permission", "pk": 140, "fields": {"name": "Can view Address Information", "content_type": 35, "codename": "view_address_information"}}, {"model": "auth.permission", "pk": 141, "fields": {"name": "Can add Basket", "content_type": 36, "codename": "add_basket"}}, {"model": "auth.permission", "pk": 142, "fields": {"name": "Can change Basket", "content_type": 36, "codename": "change_basket"}}, {"model": "auth.permission", "pk": 143, "fields": {"name": "Can delete Basket", "content_type": 36, "codename": "delete_basket"}}, {"model": "auth.permission", "pk": 144, "fields": {"name": "Can view Basket", "content_type": 36, "codename": "view_basket"}}, {"model": "auth.permission", "pk": 145, "fields": {"name": "Can add Basket Item", "content_type": 37, "codename": "add_basket_item"}}, {"model": "auth.permission", "pk": 146, "fields": {"name": "Can change Basket Item", "content_type": 37, "codename": "change_basket_item"}}, {"model": "auth.permission", "pk": 147, "fields": {"name": "Can delete Basket Item", "content_type": 37, "codename": "delete_basket_item"}}, {"model": "auth.permission", "pk": 148, "fields": {"name": "Can view Basket Item", "content_type": 37, "codename": "view_basket_item"}}, {"model": "auth.permission", "pk": 149, "fields": {"name": "Can add Billing Address", "content_type": 38, "codename": "add_billing_addresses"}}, {"model": "auth.permission", "pk": 150, "fields": {"name": "Can change Billing Address", "content_type": 38, "codename": "change_billing_addresses"}}, {"model": "auth.permission", "pk": 151, "fields": {"name": "Can delete Billing Address", "content_type": 38, "codename": "delete_billing_addresses"}}, {"model": "auth.permission", "pk": 152, "fields": {"name": "Can view Billing Address", "content_type": 38, "codename": "view_billing_addresses"}}, {"model": "auth.permission", "pk": 153, "fields": {"name": "Can add Order", "content_type": 39, "codename": "add_order"}}, {"model": "auth.permission", "pk": 154, "fields": {"name": "Can change Order", "content_type": 39, "codename": "change_order"}}, {"model": "auth.permission", "pk": 155, "fields": {"name": "Can delete Order", "content_type": 39, "codename": "delete_order"}}, {"model": "auth.permission", "pk": 156, "fields": {"name": "Can view Order", "content_type": 39, "codename": "view_order"}}, {"model": "auth.permission", "pk": 157, "fields": {"name": "Can add Shipping Address", "content_type": 40, "codename": "add_shipping_addresses"}}, {"model": "auth.permission", "pk": 158, "fields": {"name": "Can change Shipping Address", "content_type": 40, "codename": "change_shipping_addresses"}}, {"model": "auth.permission", "pk": 159, "fields": {"name": "Can delete Shipping Address", "content_type": 40, "codename": "delete_shipping_addresses"}}, {"model": "auth.permission", "pk": 160, "fields": {"name": "Can view Shipping Address", "content_type": 40, "codename": "view_shipping_addresses"}}, {"model": "auth.permission", "pk": 161, "fields": {"name": "Can add Wishlist", "content_type": 41, "codename": "add_wishlist"}}, {"model": "auth.permission", "pk": 162, "fields": {"name": "Can change Wishlist", "content_type": 41, "codename": "change_wishlist"}}, {"model": "auth.permission", "pk": 163, "fields": {"name": "Can delete Wishlist", "content_type": 41, "codename": "delete_wishlist"}}, {"model": "auth.permission", "pk": 164, "fields": {"name": "Can view Wishlist", "content_type": 41, "codename": "view_wishlist"}}, {"model": "auth.permission", "pk": 165, "fields": {"name": "Can add User", "content_type": 42, "codename": "add_user"}}, {"model": "auth.permission", "pk": 166, "fields": {"name": "Can change User", "content_type": 42, "codename": "change_user"}}, {"model": "auth.permission", "pk": 167, "fields": {"name": "Can delete User", "content_type": 42, "codename": "delete_user"}}, {"model": "auth.permission", "pk": 168, "fields": {"name": "Can view User", "content_type": 42, "codename": "view_user"}}, {"model": "contenttypes.contenttype", "pk": 1, "fields": {"app_label": "admin", "model": "logentry"}}, {"model": "contenttypes.contenttype", "pk": 2, "fields": {"app_label": "auth", "model": "permission"}}, {"model": "contenttypes.contenttype", "pk": 3, "fields": {"app_label": "auth", "model": "group"}}, {"model": "contenttypes.contenttype", "pk": 4, "fields": {"app_label": "contenttypes", "model": "contenttype"}}, {"model": "contenttypes.contenttype", "pk": 5, "fields": {"app_label": "sessions", "model": "session"}}, {"model": "contenttypes.contenttype", "pk": 6, "fields": {"app_label": "django_celery_beat", "model": "crontabschedule"}}, {"model": "contenttypes.contenttype", "pk": 7, "fields": {"app_label": "django_celery_beat", "model": "intervalschedule"}}, {"model": "contenttypes.contenttype", "pk": 8, "fields": {"app_label": "django_celery_beat", "model": "periodictask"}}, {"model": "contenttypes.contenttype", "pk": 9, "fields": {"app_label": "django_celery_beat", "model": "periodictasks"}}, {"model": "contenttypes.contenttype", "pk": 10, "fields": {"app_label": "django_celery_beat", "model": "solarschedule"}}, {"model": "contenttypes.contenttype", "pk": 11, "fields": {"app_label": "django_celery_beat", "model": "clockedschedule"}}, {"model": "contenttypes.contenttype", "pk": 12, "fields": {"app_label": "django_celery_results", "model": "taskresult"}}, {"model": "contenttypes.contenttype", "pk": 13, "fields": {"app_label": "django_celery_results", "model": "chordcounter"}}, {"model": "contenttypes.contenttype", "pk": 14, "fields": {"app_label": "django_celery_results", "model": "groupresult"}}, {"model": "contenttypes.contenttype", "pk": 15, "fields": {"app_label": "social_django", "model": "association"}}, {"model": "contenttypes.contenttype", "pk": 16, "fields": {"app_label": "social_django", "model": "code"}}, {"model": "contenttypes.contenttype", "pk": 17, "fields": {"app_label": "social_django", "model": "nonce"}}, {"model": "contenttypes.contenttype", "pk": 18, "fields": {"app_label": "social_django", "model": "usersocialauth"}}, {"model": "contenttypes.contenttype", "pk": 19, "fields": {"app_label": "social_django", "model": "partial"}}, {"model": "contenttypes.contenttype", "pk": 20, "fields": {"app_label": "Product", "model": "category"}}, {"model": "contenttypes.contenttype", "pk": 21, "fields": {"app_label": "Product", "model": "color"}}, {"model": "contenttypes.contenttype", "pk": 22, "fields": {"app_label": "Product", "model": "manufacturer"}}, {"model": "contenttypes.contenttype", "pk": 23, "fields": {"app_label": "Product", "model": "product"}}, {"model": "contenttypes.contenttype", "pk": 24, "fields": {"app_label": "Product", "model": "product_version"}}, {"model": "contenttypes.contenttype", "pk": 25, "fields": {"app_label": "Product", "model": "review"}}, {"model": "contenttypes.contenttype", "pk": 26, "fields": {"app_label": "Product", "model": "image"}}, {"model": "contenttypes.contenttype", "pk": 27, "fields": {"app_label": "Blog", "model": "author"}}, {"model": "contenttypes.contenttype", "pk": 28, "fields": {"app_label": "Blog", "model": "blog"}}, {"model": "contenttypes.contenttype", "pk": 29, "fields": {"app_label": "Blog", "model": "category"}}, {"model": "contenttypes.contenttype", "pk": 30, "fields": {"app_label": "Blog", "model": "comment"}}, {"model": "contenttypes.contenttype", "pk": 31, "fields": {"app_label": "Core", "model": "blockedip"}}, {"model": "contenttypes.contenttype", "pk": 32, "fields": {"app_label": "Core", "model": "contactus"}}, {"model": "contenttypes.contenttype", "pk": 33, "fields": {"app_label": "Core", "model": "faq"}}, {"model": "contenttypes.contenttype", "pk": 34, "fields": {"app_label": "Core", "model": "subscriber"}}, {"model": "contenttypes.contenttype", "pk": 35, "fields": {"app_label": "Order", "model": "address_information"}}, {"model": "contenttypes.contenttype", "pk": 36, "fields": {"app_label": "Order", "model": "basket"}}, {"model": "contenttypes.contenttype", "pk": 37, "fields": {"app_label": "Order", "model": "basket_item"}}, {"model": "contenttypes.contenttype", "pk": 38, "fields": {"app_label": "Order", "model": "billing_addresses"}}, {"model": "contenttypes.contenttype", "pk": 39, "fields": {"app_label": "Order", "model": "order"}}, {"model": "contenttypes.contenttype", "pk": 40, "fields": {"app_label": "Order", "model": "shipping_addresses"}}, {"model": "contenttypes.contenttype", "pk": 41, "fields": {"app_label": "Order", "model": "wishlist"}}, {"model": "contenttypes.contenttype", "pk": 42, "fields": {"app_label": "User", "model": "user"}}, {"model": "sessions.session", "pk": "8140kscihaxete02i6xwz2ac00smz780", "fields": {"session_data": "eyJnb29nbGUtb2F1dGgyX3N0YXRlIjoiVnJjVW5EOUhna2pMUVJTWHpVTGZScU1HcFNSeTFuTEQifQ:1orLE9:8VJBObrBgpyeTJmpHyvkeJ-1atuJlQILG4YFYLMhVAo", "expire_date": "2022-11-19T15:36:57.191Z"}}, {"model": "sessions.session", "pk": "i6h7ftrimbqqoz2bx451bb2tknsljmac", "fields": {"session_data": ".eJxVjMsOgjAUBf-la9PcUmjBpXu-obkPalFDEwor479bEha6nZlz3irgvqWwl2kNs6irMuryywj5OS2HkAcu96w5L9s6kz4SfdqixyzT63a2fwcJS6rrfgABH-3AzjgUIsDWOMYueq5cyCKAb8SRM2IH6qJwY6GXCLXoWvX5Au5WOFA:1oqv86:aE_rRzQs8WImke3h02cVLX1y4IXBEo18gTBT7lkpAvQ", "expire_date": "2022-11-18T11:44:58.605Z"}}, {"model": "sessions.session", "pk": "rvmvx0lemyut6z7ak291vansezeqen4y", "fields": {"session_data": ".eJxVjMsOgjAUBf-la9PcUmjBpXu-obkPalFDEwor479bEha6nZlz3irgvqWwl2kNs6irMuryywj5OS2HkAcu96w5L9s6kz4SfdqixyzT63a2fwcJS6rrfgABH-3AzjgUIsDWOMYueq5cyCKAb8SRM2IH6qJwY6GXCLXoWvX5Au5WOFA:1ovi14:5NCUtO0vzy4jnclcM5P8fLI21RroZSreM7XTLz5u1DY", "expire_date": "2022-12-01T16:45:30.237Z"}}, {"model": "django_celery_beat.crontabschedule", "pk": 1, "fields": {"minute": "0", "hour": "4", "day_of_week": "*", "day_of_month": "*", "month_of_year": "*", "timezone": "Asia/Baku"}}, {"model": "django_celery_beat.periodictasks", "pk": 1, "fields": {"last_update": "2022-11-17T16:46:07.237Z"}}, {"model": "django_celery_beat.periodictask", "pk": 1, "fields": {"name": "Popular Products", "task": "Product.tasks.send_mail_to_subscriber", "interval": null, "crontab": 1, "solar": null, "clocked": null, "args": "[]", "kwargs": "{}", "queue": null, "exchange": null, "routing_key": null, "headers": "{}", "priority": null, "expires": null, "expire_seconds": 43200, "one_off": false, "start_time": null, "enabled": true, "last_run_at": null, "total_run_count": 0, "date_changed": "2022-11-17T16:46:07.245Z", "description": ""}}, {"model": "social_django.usersocialauth", "pk": 1, "fields": {"user": 3, "provider": "facebook", "uid": "562293088981304", "extra_data": "{\"auth_time\": 1667662600, \"id\": \"562293088981304\", \"expires\": 5183999, \"granted_scopes\": [\"user_link\", \"email\", \"public_profile\"], \"denied_scopes\": null, \"name\": \"R\\u0259\\u015fad Musayev\", \"email\": \"rmusayevr19@gmail.com\", \"picture\": {\"data\": {\"height\": 180, \"is_silhouette\": true, \"url\": \"https://scontent.fgyd21-1.fna.fbcdn.net/v/t1.30497-1/84628273_176159830277856_972693363922829312_n.jpg?stp=c59.0.200.200a_dst-jpg_p200x200&_nc_cat=1&ccb=1-7&_nc_sid=12b3be&_nc_ohc=_mo0tvcs81QAX9Ck1xy&_nc_ht=scontent.fgyd21-1.fna&edm=AP4hL3IEAAAA&oh=00_AfB4CtzAi6IKSrW8RP4cV6wL4VTLiY75RV1t6EnHgdcfMg&oe=638DEF59\", \"width\": 180}}, \"profile_url\": \"https://www.facebook.com/app_scoped_user_id/YXNpZADpBWEVrZAGpucTZASVXo1Umx4eXVVVWRSUXhJWWxMQUszdXd3cDFncFBuejAwOXFRWWxlQW5GYkZALbjVScldsRGRxNUU5SktwRy13TnZAHUkhsbTRLMW5fVHVOVWlGM25rT1czV1JIc1ZAzWmdaZAGdIaVlIY0EZD/\", \"access_token\": \"EAARJfuCfm6UBAOM1l9Q3NQHrZAYOrjKwPczR9lZAveYWslfu1nXn8gZB1Jmcv9nKfdUmZBPBhXhSdMnngo4NwWAcOdtkat0mxvIsJ5xXoZA3fsmgueAuwim0aTdgvpnaEcU504ZAnt2tg1T8n7ZC7UeKlxJW3TNHgIS8uJOJLCrdJfrvdBvXFmTGfo8dcJR7VqFl9VMtHzv7JXZC5FZCt2nN4ssZCqJ7Sx6zEyiGAxHZA2hpQZDZD\", \"token_type\": null}", "created": "2022-11-05T15:36:40.092Z", "modified": "2022-11-05T15:36:40.109Z"}}, {"model": "Product.category", "pk": 1, "fields": {"name": "Men", "name_en": "Men", "name_az": null, "is_navbar": true, "p_category": null}}, {"model": "Product.category", "pk": 2, "fields": {"name": "Women", "name_en": "Women", "name_az": null, "is_navbar": true, "p_category": null}}, {"model": "Product.category", "pk": 3, "fields": {"name": "Kids", "name_en": "Kids", "name_az": null, "is_navbar": true, "p_category": null}}, {"model": "Product.category", "pk": 4, "fields": {"name": "Shoes", "name_en": "Shoes", "name_az": null, "is_navbar": false, "p_category": 1}}, {"model": "Product.category", "pk": 5, "fields": {"name": "Jackets", "name_en": "Jackets", "name_az": null, "is_navbar": false, "p_category": 1}}, {"model": "Product.category", "pk": 6, "fields": {"name": "Dresses", "name_en": "Dresses", "name_az": null, "is_navbar": false, "p_category": 2}}, {"model": "Product.category", "pk": 7, "fields": {"name": "Shirts", "name_en": "Shirts", "name_az": null, "is_navbar": false, "p_category": 2}}, {"model": "Product.category", "pk": 8, "fields": {"name": "Sweaters", "name_en": "Sweaters", "name_az": null, "is_navbar": false, "p_category": 3}}, {"model": "Product.category", "pk": 9, "fields": {"name": "Pants", "name_en": "Pants", "name_az": null, "is_navbar": false, "p_category": 3}}, {"model": "Product.manufacturer", "pk": 1, "fields": {"name": "Zara"}}, {"model": "Product.manufacturer", "pk": 2, "fields": {"name": "Bershka"}}, {"model": "Product.manufacturer", "pk": 3, "fields": {"name": "NewYorker"}}, {"model": "Product.product", "pk": 1, "fields": {"name": "High Tops", "name_en": "High Tops", "name_az": null, "price": 50.0, "in_sale": false, "discount": null, "new_price": null, "overview": "Ut ut lorem dolor. Pellentesque habitant morbi tristique senectus et netus et malesuada fames ac turpis egestas. Phasellus eu leo interdum, dapibus tellus vitae, dignissim erat. Quisque bibendum ipsum ac nulla dapibus, ut gravida nisi vehicula. Donec a justo at tellus porta aliquam. Morbi iaculis enim eget purus tempor venenatis at sed tellus. Cras nec gravida justo, vitae cursus dolor.", "overview_en": "Ut ut lorem dolor. Pellentesque habitant morbi tristique senectus et netus et malesuada fames ac turpis egestas. Phasellus eu leo interdum, dapibus tellus vitae, dignissim erat. Quisque bibendum ipsum ac nulla dapibus, ut gravida nisi vehicula. Donec a justo at tellus porta aliquam. Morbi iaculis enim eget purus tempor venenatis at sed tellus. Cras nec gravida justo, vitae cursus dolor.", "overview_az": "", "details": "Vestibulum consequat nisi vel magna faucibus, sit amet lobortis ante elementum. Cras ac sem justo. Morbi pulvinar ligula sed neque sollicitudin pharetra. Aenean ligula elit, condimentum vel nunc sed, tincidunt convallis sem. Aliquam imperdiet magna ut lorem lacinia feugiat. Proin lacinia a nibh ut sollicitudin. Phasellus vitae neque tincidunt magna ullamcorper auctor. Aenean congue lectus sit amet lacus feugiat, a suscipit dui placerat.", "details_en": "Vestibulum consequat nisi vel magna faucibus, sit amet lobortis ante elementum. Cras ac sem justo. Morbi pulvinar ligula sed neque sollicitudin pharetra. Aenean ligula elit, condimentum vel nunc sed, tincidunt convallis sem. Aliquam imperdiet magna ut lorem lacinia feugiat. Proin lacinia a nibh ut sollicitudin. Phasellus vitae neque tincidunt magna ullamcorper auctor. Aenean congue lectus sit amet lacus feugiat, a suscipit dui placerat.", "details_az": "", "manufacturer": 3, "category": 4}}, {"model": "Product.product", "pk": 2, "fields": {"name": "3-pack Twill Joggers", "name_en": "3-pack Twill Joggers", "name_az": null, "price": 35.0, "in_sale": true, "discount": 15, "new_price": 29.75, "overview": "Ut ut lorem dolor. Pellentesque habitant morbi tristique senectus et netus et malesuada fames ac turpis egestas. Phasellus eu leo interdum, dapibus tellus vitae, dignissim erat. Quisque bibendum ipsum ac nulla dapibus, ut gravida nisi vehicula. Donec a justo at tellus porta aliquam. Morbi iaculis enim eget purus tempor venenatis at sed tellus. Cras nec gravida justo, vitae cursus dolor.", "overview_en": "Ut ut lorem dolor. Pellentesque habitant morbi tristique senectus et netus et malesuada fames ac turpis egestas. Phasellus eu leo interdum, dapibus tellus vitae, dignissim erat. Quisque bibendum ipsum ac nulla dapibus, ut gravida nisi vehicula. Donec a justo at tellus porta aliquam. Morbi iaculis enim eget purus tempor venenatis at sed tellus. Cras nec gravida justo, vitae cursus dolor.", "overview_az": "", "details": "Ut ut lorem dolor. Pellentesque habitant morbi tristique senectus et netus et malesuada fames ac turpis egestas. Phasellus eu leo interdum, dapibus tellus vitae, dignissim erat. Quisque bibendum ipsum ac nulla dapibus, ut gravida nisi vehicula. Donec a justo at tellus porta aliquam. Morbi iaculis enim eget purus tempor venenatis at sed tellus. Cras nec gravida justo, vitae cursus dolor.Ut ut lorem dolor. \r\nPellentesque habitant morbi tristique senectus et netus et malesuada fames ac turpis egestas. Phasellus eu leo interdum, dapibus tellus vitae, dignissim erat. Quisque bibendum ipsum ac nulla dapibus, ut gravida nisi vehicula. Donec a justo at tellus porta aliquam. Morbi iaculis enim eget purus tempor venenatis at sed tellus. Cras nec gravida justo, vitae cursus dolor.", "details_en": "Ut ut lorem dolor. Pellentesque habitant morbi tristique senectus et netus et malesuada fames ac turpis egestas. Phasellus eu leo interdum, dapibus tellus vitae, dignissim erat. Quisque bibendum ipsum ac nulla dapibus, ut gravida nisi vehicula. Donec a justo at tellus porta aliquam. Morbi iaculis enim eget purus tempor venenatis at sed tellus. Cras nec gravida justo, vitae cursus dolor.Ut ut lorem dolor. \r\nPellentesque habitant morbi tristique senectus et netus et malesuada fames ac turpis egestas. Phasellus eu leo interdum, dapibus tellus vitae, dignissim erat. Quisque bibendum ipsum ac nulla dapibus, ut gravida nisi vehicula. Donec a justo at tellus porta aliquam. Morbi iaculis enim eget purus tempor venenatis at sed tellus. Cras nec gravida justo, vitae cursus dolor.", "details_az": "", "manufacturer": 2, "category": 9}}, {"model": "Product.product", "pk": 3, "fields": {"name": "Sweatpants", "name_en": "Sweatpants", "name_az": null, "price": 20.0, "in_sale": true, "discount": 20, "new_price": 16.0, "overview": "Ut ut lorem dolor. Pellentesque habitant morbi tristique senectus et netus et malesuada fames ac turpis egestas. Phasellus eu leo interdum, dapibus tellus vitae, dignissim erat. Quisque bibendum ipsum ac nulla dapibus, ut gravida nisi vehicula. Donec a justo at tellus porta aliquam. Morbi iaculis enim eget purus tempor venenatis at sed tellus. Cras nec gravida justo, vitae cursus dolor.", "overview_en": "Ut ut lorem dolor. Pellentesque habitant morbi tristique senectus et netus et malesuada fames ac turpis egestas. Phasellus eu leo interdum, dapibus tellus vitae, dignissim erat. Quisque bibendum ipsum ac nulla dapibus, ut gravida nisi vehicula. Donec a justo at tellus porta aliquam. Morbi iaculis enim eget purus tempor venenatis at sed tellus. Cras nec gravida justo, vitae cursus dolor.", "overview_az": "", "details": "Ut ut lorem dolor. Pellentesque habitant morbi tristique senectus et netus et malesuada fames ac turpis egestas. Phasellus eu leo interdum, dapibus tellus vitae, dignissim erat. Quisque bibendum ipsum ac nulla dapibus, ut gravida nisi vehicula. Donec a justo at tellus porta aliquam. Morbi iaculis enim eget purus tempor venenatis at sed tellus. Cras nec gravida justo, vitae cursus dolor.\r\nUt ut lorem dolor. Pellentesque habitant morbi tristique senectus et netus et malesuada fames ac turpis egestas. Phasellus eu leo interdum, dapibus tellus vitae, dignissim erat. Quisque bibendum ipsum ac nulla dapibus, ut gravida nisi vehicula. Donec a justo at tellus porta aliquam. Morbi iaculis enim eget purus tempor venenatis at sed tellus. Cras nec gravida justo, vitae cursus dolor.", "details_en": "Ut ut lorem dolor. Pellentesque habitant morbi tristique senectus et netus et malesuada fames ac turpis egestas. Phasellus eu leo interdum, dapibus tellus vitae, dignissim erat. Quisque bibendum ipsum ac nulla dapibus, ut gravida nisi vehicula. Donec a justo at tellus porta aliquam. Morbi iaculis enim eget purus tempor venenatis at sed tellus. Cras nec gravida justo, vitae cursus dolor.\r\nUt ut lorem dolor. Pellentesque habitant morbi tristique senectus et netus et malesuada fames ac turpis egestas. Phasellus eu leo interdum, dapibus tellus vitae, dignissim erat. Quisque bibendum ipsum ac nulla dapibus, ut gravida nisi vehicula. Donec a justo at tellus porta aliquam. Morbi iaculis enim eget purus tempor venenatis at sed tellus. Cras nec gravida justo, vitae cursus dolor.", "details_az": "", "manufacturer": 1, "category": 9}}, {"model": "Product.product", "pk": 4, "fields": {"name": "Textured-knit Sweater", "name_en": "Textured-knit Sweater", "name_az": null, "price": 20.0, "in_sale": true, "discount": 25, "new_price": 15.0, "overview": "Ut ut lorem dolor. Pellentesque habitant morbi tristique senectus et netus et malesuada fames ac turpis egestas. Phasellus eu leo interdum, dapibus tellus vitae, dignissim erat. Quisque bibendum ipsum ac nulla dapibus, ut gravida nisi vehicula. Donec a justo at tellus porta aliquam. Morbi iaculis enim eget purus tempor venenatis at sed tellus. Cras nec gravida justo, vitae cursus dolor.", "overview_en": "Ut ut lorem dolor. Pellentesque habitant morbi tristique senectus et netus et malesuada fames ac turpis egestas. Phasellus eu leo interdum, dapibus tellus vitae, dignissim erat. Quisque bibendum ipsum ac nulla dapibus, ut gravida nisi vehicula. Donec a justo at tellus porta aliquam. Morbi iaculis enim eget purus tempor venenatis at sed tellus. Cras nec gravida justo, vitae cursus dolor.", "overview_az": "", "details": "Ut ut lorem dolor. Pellentesque habitant morbi tristique senectus et netus et malesuada fames ac turpis egestas. Phasellus eu leo interdum, dapibus tellus vitae, dignissim erat. Quisque bibendum ipsum ac nulla dapibus, ut gravida nisi vehicula. Donec a justo at tellus porta aliquam. Morbi iaculis enim eget purus tempor venenatis at sed tellus. Cras nec gravida justo, vitae cursus dolor.\r\nUt ut lorem dolor. Pellentesque habitant morbi tristique senectus et netus et malesuada fames ac turpis egestas. Phasellus eu leo interdum, dapibus tellus vitae, dignissim erat. Quisque bibendum ipsum ac nulla dapibus, ut gravida nisi vehicula. Donec a justo at tellus porta aliquam. Morbi iaculis enim eget purus tempor venenatis at sed tellus. Cras nec gravida justo, vitae cursus dolor.", "details_en": "Ut ut lorem dolor. Pellentesque habitant morbi tristique senectus et netus et malesuada fames ac turpis egestas. Phasellus eu leo interdum, dapibus tellus vitae, dignissim erat. Quisque bibendum ipsum ac nulla dapibus, ut gravida nisi vehicula. Donec a justo at tellus porta aliquam. Morbi iaculis enim eget purus tempor venenatis at sed tellus. Cras nec gravida justo, vitae cursus dolor.\r\nUt ut lorem dolor. Pellentesque habitant morbi tristique senectus et netus et malesuada fames ac turpis egestas. Phasellus eu leo interdum, dapibus tellus vitae, dignissim erat. Quisque bibendum ipsum ac nulla dapibus, ut gravida nisi vehicula. Donec a justo at tellus porta aliquam. Morbi iaculis enim eget purus tempor venenatis at sed tellus. Cras nec gravida justo, vitae cursus dolor.", "details_az": "", "manufacturer": 1, "category": 8}}, {"model": "Product.product", "pk": 5, "fields": {"name": "Waffle-knit Cotton Sweater", "name_en": "Waffle-knit Cotton Sweater", "name_az": null, "price": 20.0, "in_sale": true, "discount": 25, "new_price": 15.0, "overview": "Ut ut lorem dolor. Pellentesque habitant morbi tristique senectus et netus et malesuada fames ac turpis egestas. Phasellus eu leo interdum, dapibus tellus vitae, dignissim erat. Quisque bibendum ipsum ac nulla dapibus, ut gravida nisi vehicula. Donec a justo at tellus porta aliquam. Morbi iaculis enim eget purus tempor venenatis at sed tellus. Cras nec gravida justo, vitae cursus dolor.", "overview_en": "Ut ut lorem dolor. Pellentesque habitant morbi tristique senectus et netus et malesuada fames ac turpis egestas. Phasellus eu leo interdum, dapibus tellus vitae, dignissim erat. Quisque bibendum ipsum ac nulla dapibus, ut gravida nisi vehicula. Donec a justo at tellus porta aliquam. Morbi iaculis enim eget purus tempor venenatis at sed tellus. Cras nec gravida justo, vitae cursus dolor.", "overview_az": "", "details": "Ut ut lorem dolor. Pellentesque habitant morbi tristique senectus et netus et malesuada fames ac turpis egestas. Phasellus eu leo interdum, dapibus tellus vitae, dignissim erat. Quisque bibendum ipsum ac nulla dapibus, ut gravida nisi vehicula. Donec a justo at tellus porta aliquam. Morbi iaculis enim eget purus tempor venenatis at sed tellus. Cras nec gravida justo, vitae cursus dolor.\r\nUt ut lorem dolor. Pellentesque habitant morbi tristique senectus et netus et malesuada fames ac turpis egestas. Phasellus eu leo interdum, dapibus tellus vitae, dignissim erat. Quisque bibendum ipsum ac nulla dapibus, ut gravida nisi vehicula. Donec a justo at tellus porta aliquam. Morbi iaculis enim eget purus tempor venenatis at sed tellus. Cras nec gravida justo, vitae cursus dolor.", "details_en": "Ut ut lorem dolor. Pellentesque habitant morbi tristique senectus et netus et malesuada fames ac turpis egestas. Phasellus eu leo interdum, dapibus tellus vitae, dignissim erat. Quisque bibendum ipsum ac nulla dapibus, ut gravida nisi vehicula. Donec a justo at tellus porta aliquam. Morbi iaculis enim eget purus tempor venenatis at sed tellus. Cras nec gravida justo, vitae cursus dolor.\r\nUt ut lorem dolor. Pellentesque habitant morbi tristique senectus et netus et malesuada fames ac turpis egestas. Phasellus eu leo interdum, dapibus tellus vitae, dignissim erat. Quisque bibendum ipsum ac nulla dapibus, ut gravida nisi vehicula. Donec a justo at tellus porta aliquam. Morbi iaculis enim eget purus tempor venenatis at sed tellus. Cras nec gravida justo, vitae cursus dolor.", "details_az": "", "manufacturer": 3, "category": 8}}, {"model": "Product.product", "pk": 6, "fields": {"name": "Ribbed Bodycon Dress", "name_en": "Ribbed Bodycon Dress", "name_az": null, "price": 25.0, "in_sale": false, "discount": 15, "new_price": null, "overview": "Ut ut lorem dolor. Pellentesque habitant morbi tristique senectus et netus et malesuada fames ac turpis egestas. Phasellus eu leo interdum, dapibus tellus vitae, dignissim erat. Quisque bibendum ipsum ac nulla dapibus, ut gravida nisi vehicula. Donec a justo at tellus porta aliquam. Morbi iaculis enim eget purus tempor venenatis at sed tellus. Cras nec gravida justo, vitae cursus dolor.", "overview_en": "Ut ut lorem dolor. Pellentesque habitant morbi tristique senectus et netus et malesuada fames ac turpis egestas. Phasellus eu leo interdum, dapibus tellus vitae, dignissim erat. Quisque bibendum ipsum ac nulla dapibus, ut gravida nisi vehicula. Donec a justo at tellus porta aliquam. Morbi iaculis enim eget purus tempor venenatis at sed tellus. Cras nec gravida justo, vitae cursus dolor.", "overview_az": "", "details": "Ut ut lorem dolor. Pellentesque habitant morbi tristique senectus et netus et malesuada fames ac turpis egestas. Phasellus eu leo interdum, dapibus tellus vitae, dignissim erat. Quisque bibendum ipsum ac nulla dapibus, ut gravida nisi vehicula. Donec a justo at tellus porta aliquam. Morbi iaculis enim eget purus tempor venenatis at sed tellus. Cras nec gravida justo, vitae cursus dolor.\r\nUt ut lorem dolor. Pellentesque habitant morbi tristique senectus et netus et malesuada fames ac turpis egestas. Phasellus eu leo interdum, dapibus tellus vitae, dignissim erat. Quisque bibendum ipsum ac nulla dapibus, ut gravida nisi vehicula. Donec a justo at tellus porta aliquam. Morbi iaculis enim eget purus tempor venenatis at sed tellus. Cras nec gravida justo, vitae cursus dolor.", "details_en": "Ut ut lorem dolor. Pellentesque habitant morbi tristique senectus et netus et malesuada fames ac turpis egestas. Phasellus eu leo interdum, dapibus tellus vitae, dignissim erat. Quisque bibendum ipsum ac nulla dapibus, ut gravida nisi vehicula. Donec a justo at tellus porta aliquam. Morbi iaculis enim eget purus tempor venenatis at sed tellus. Cras nec gravida justo, vitae cursus dolor.\r\nUt ut lorem dolor. Pellentesque habitant morbi tristique senectus et netus et malesuada fames ac turpis egestas. Phasellus eu leo interdum, dapibus tellus vitae, dignissim erat. Quisque bibendum ipsum ac nulla dapibus, ut gravida nisi vehicula. Donec a justo at tellus porta aliquam. Morbi iaculis enim eget purus tempor venenatis at sed tellus. Cras nec gravida justo, vitae cursus dolor.", "details_az": "", "manufacturer": 3, "category": 6}}, {"model": "Product.product", "pk": 7, "fields": {"name": "Knit Turtleneck Dress", "name_en": "Knit Turtleneck Dress", "name_az": null, "price": 35.0, "in_sale": false, "discount": null, "new_price": null, "overview": "Ut ut lorem dolor. Pellentesque habitant morbi tristique senectus et netus et malesuada fames ac turpis egestas. Phasellus eu leo interdum, dapibus tellus vitae, dignissim erat. Quisque bibendum ipsum ac nulla dapibus, ut gravida nisi vehicula. Donec a justo at tellus porta aliquam. Morbi iaculis enim eget purus tempor venenatis at sed tellus. Cras nec gravida justo, vitae cursus dolor.", "overview_en": "Ut ut lorem dolor. Pellentesque habitant morbi tristique senectus et netus et malesuada fames ac turpis egestas. Phasellus eu leo interdum, dapibus tellus vitae, dignissim erat. Quisque bibendum ipsum ac nulla dapibus, ut gravida nisi vehicula. Donec a justo at tellus porta aliquam. Morbi iaculis enim eget purus tempor venenatis at sed tellus. Cras nec gravida justo, vitae cursus dolor.", "overview_az": "", "details": "Ut ut lorem dolor. Pellentesque habitant morbi tristique senectus et netus et malesuada fames ac turpis egestas. Phasellus eu leo interdum, dapibus tellus vitae, dignissim erat. Quisque bibendum ipsum ac nulla dapibus, ut gravida nisi vehicula. Donec a justo at tellus porta aliquam. Morbi iaculis enim eget purus tempor venenatis at sed tellus. Cras nec gravida justo, vitae cursus dolor.\r\nUt ut lorem dolor. Pellentesque habitant morbi tristique senectus et netus et malesuada fames ac turpis egestas. Phasellus eu leo interdum, dapibus tellus vitae, dignissim erat. Quisque bibendum ipsum ac nulla dapibus, ut gravida nisi vehicula. Donec a justo at tellus porta aliquam. Morbi iaculis enim eget purus tempor venenatis at sed tellus. Cras nec gravida justo, vitae cursus dolor.", "details_en": "Ut ut lorem dolor. Pellentesque habitant morbi tristique senectus et netus et malesuada fames ac turpis egestas. Phasellus eu leo interdum, dapibus tellus vitae, dignissim erat. Quisque bibendum ipsum ac nulla dapibus, ut gravida nisi vehicula. Donec a justo at tellus porta aliquam. Morbi iaculis enim eget purus tempor venenatis at sed tellus. Cras nec gravida justo, vitae cursus dolor.\r\nUt ut lorem dolor. Pellentesque habitant morbi tristique senectus et netus et malesuada fames ac turpis egestas. Phasellus eu leo interdum, dapibus tellus vitae, dignissim erat. Quisque bibendum ipsum ac nulla dapibus, ut gravida nisi vehicula. Donec a justo at tellus porta aliquam. Morbi iaculis enim eget purus tempor venenatis at sed tellus. Cras nec gravida justo, vitae cursus dolor.", "details_az": "", "manufacturer": 1, "category": 6}}, {"model": "Product.product", "pk": 8, "fields": {"name": "Oxford Shirt", "name_en": "Oxford Shirt", "name_az": null, "price": 25.0, "in_sale": false, "discount": null, "new_price": null, "overview": "Ut ut lorem dolor. Pellentesque habitant morbi tristique senectus et netus et malesuada fames ac turpis egestas. Phasellus eu leo interdum, dapibus tellus vitae, dignissim erat. Quisque bibendum ipsum ac nulla dapibus, ut gravida nisi vehicula. Donec a justo at tellus porta aliquam. Morbi iaculis enim eget purus tempor venenatis at sed tellus. Cras nec gravida justo, vitae cursus dolor.", "overview_en": "Ut ut lorem dolor. Pellentesque habitant morbi tristique senectus et netus et malesuada fames ac turpis egestas. Phasellus eu leo interdum, dapibus tellus vitae, dignissim erat. Quisque bibendum ipsum ac nulla dapibus, ut gravida nisi vehicula. Donec a justo at tellus porta aliquam. Morbi iaculis enim eget purus tempor venenatis at sed tellus. Cras nec gravida justo, vitae cursus dolor.", "overview_az": "", "details": "Ut ut lorem dolor. Pellentesque habitant morbi tristique senectus et netus et malesuada fames ac turpis egestas. Phasellus eu leo interdum, dapibus tellus vitae, dignissim erat. Quisque bibendum ipsum ac nulla dapibus, ut gravida nisi vehicula. Donec a justo at tellus porta aliquam. Morbi iaculis enim eget purus tempor venenatis at sed tellus. Cras nec gravida justo, vitae cursus dolor.\r\nUt ut lorem dolor. Pellentesque habitant morbi tristique senectus et netus et malesuada fames ac turpis egestas. Phasellus eu leo interdum, dapibus tellus vitae, dignissim erat. Quisque bibendum ipsum ac nulla dapibus, ut gravida nisi vehicula. Donec a justo at tellus porta aliquam. Morbi iaculis enim eget purus tempor venenatis at sed tellus. Cras nec gravida justo, vitae cursus dolor.", "details_en": "Ut ut lorem dolor. Pellentesque habitant morbi tristique senectus et netus et malesuada fames ac turpis egestas. Phasellus eu leo interdum, dapibus tellus vitae, dignissim erat. Quisque bibendum ipsum ac nulla dapibus, ut gravida nisi vehicula. Donec a justo at tellus porta aliquam. Morbi iaculis enim eget purus tempor venenatis at sed tellus. Cras nec gravida justo, vitae cursus dolor.\r\nUt ut lorem dolor. Pellentesque habitant morbi tristique senectus et netus et malesuada fames ac turpis egestas. Phasellus eu leo interdum, dapibus tellus vitae, dignissim erat. Quisque bibendum ipsum ac nulla dapibus, ut gravida nisi vehicula. Donec a justo at tellus porta aliquam. Morbi iaculis enim eget purus tempor venenatis at sed tellus. Cras nec gravida justo, vitae cursus dolor.", "details_az": "", "manufacturer": 2, "category": 7}}, {"model": "Product.product", "pk": 9, "fields": {"name": "Oversized Poplin Shirt", "name_en": "Oversized Poplin Shirt", "name_az": null, "price": 18.0, "in_sale": true, "discount": 15, "new_price": 15.3, "overview": "Ut ut lorem dolor. Pellentesque habitant morbi tristique senectus et netus et malesuada fames ac turpis egestas. Phasellus eu leo interdum, dapibus tellus vitae, dignissim erat. Quisque bibendum ipsum ac nulla dapibus, ut gravida nisi vehicula. Donec a justo at tellus porta aliquam. Morbi iaculis enim eget purus tempor venenatis at sed tellus. Cras nec gravida justo, vitae cursus dolor.", "overview_en": "Ut ut lorem dolor. Pellentesque habitant morbi tristique senectus et netus et malesuada fames ac turpis egestas. Phasellus eu leo interdum, dapibus tellus vitae, dignissim erat. Quisque bibendum ipsum ac nulla dapibus, ut gravida nisi vehicula. Donec a justo at tellus porta aliquam. Morbi iaculis enim eget purus tempor venenatis at sed tellus. Cras nec gravida justo, vitae cursus dolor.", "overview_az": "", "details": "Ut ut lorem dolor. Pellentesque habitant morbi tristique senectus et netus et malesuada fames ac turpis egestas. Phasellus eu leo interdum, dapibus tellus vitae, dignissim erat. Quisque bibendum ipsum ac nulla dapibus, ut gravida nisi vehicula. Donec a justo at tellus porta aliquam. Morbi iaculis enim eget purus tempor venenatis at sed tellus. Cras nec gravida justo, vitae cursus dolor.\r\nUt ut lorem dolor. Pellentesque habitant morbi tristique senectus et netus et malesuada fames ac turpis egestas. Phasellus eu leo interdum, dapibus tellus vitae, dignissim erat. Quisque bibendum ipsum ac nulla dapibus, ut gravida nisi vehicula. Donec a justo at tellus porta aliquam. Morbi iaculis enim eget purus tempor venenatis at sed tellus. Cras nec gravida justo, vitae cursus dolor.", "details_en": "Ut ut lorem dolor. Pellentesque habitant morbi tristique senectus et netus et malesuada fames ac turpis egestas. Phasellus eu leo interdum, dapibus tellus vitae, dignissim erat. Quisque bibendum ipsum ac nulla dapibus, ut gravida nisi vehicula. Donec a justo at tellus porta aliquam. Morbi iaculis enim eget purus tempor venenatis at sed tellus. Cras nec gravida justo, vitae cursus dolor.\r\nUt ut lorem dolor. Pellentesque habitant morbi tristique senectus et netus et malesuada fames ac turpis egestas. Phasellus eu leo interdum, dapibus tellus vitae, dignissim erat. Quisque bibendum ipsum ac nulla dapibus, ut gravida nisi vehicula. Donec a justo at tellus porta aliquam. Morbi iaculis enim eget purus tempor venenatis at sed tellus. Cras nec gravida justo, vitae cursus dolor.", "details_az": "", "manufacturer": 1, "category": 7}}, {"model": "Product.product", "pk": 10, "fields": {"name": "Sneakers", "name_en": "Sneakers", "name_az": null, "price": 30.0, "in_sale": false, "discount": null, "new_price": null, "overview": "Ut ut lorem dolor. Pellentesque habitant morbi tristique senectus et netus et malesuada fames ac turpis egestas. Phasellus eu leo interdum, dapibus tellus vitae, dignissim erat. Quisque bibendum ipsum ac nulla dapibus, ut gravida nisi vehicula. Donec a justo at tellus porta aliquam. Morbi iaculis enim eget purus tempor venenatis at sed tellus. Cras nec gravida justo, vitae cursus dolor.", "overview_en": "Ut ut lorem dolor. Pellentesque habitant morbi tristique senectus et netus et malesuada fames ac turpis egestas. Phasellus eu leo interdum, dapibus tellus vitae, dignissim erat. Quisque bibendum ipsum ac nulla dapibus, ut gravida nisi vehicula. Donec a justo at tellus porta aliquam. Morbi iaculis enim eget purus tempor venenatis at sed tellus. Cras nec gravida justo, vitae cursus dolor.", "overview_az": "", "details": "Ut ut lorem dolor. Pellentesque habitant morbi tristique senectus et netus et malesuada fames ac turpis egestas. Phasellus eu leo interdum, dapibus tellus vitae, dignissim erat. Quisque bibendum ipsum ac nulla dapibus, ut gravida nisi vehicula. Donec a justo at tellus porta aliquam. Morbi iaculis enim eget purus tempor venenatis at sed tellus. Cras nec gravida justo, vitae cursus dolor.\r\nUt ut lorem dolor. Pellentesque habitant morbi tristique senectus et netus et malesuada fames ac turpis egestas. Phasellus eu leo interdum, dapibus tellus vitae, dignissim erat. Quisque bibendum ipsum ac nulla dapibus, ut gravida nisi vehicula. Donec a justo at tellus porta aliquam. Morbi iaculis enim eget purus tempor venenatis at sed tellus. Cras nec gravida justo, vitae cursus dolor.", "details_en": "Ut ut lorem dolor. Pellentesque habitant morbi tristique senectus et netus et malesuada fames ac turpis egestas. Phasellus eu leo interdum, dapibus tellus vitae, dignissim erat. Quisque bibendum ipsum ac nulla dapibus, ut gravida nisi vehicula. Donec a justo at tellus porta aliquam. Morbi iaculis enim eget purus tempor venenatis at sed tellus. Cras nec gravida justo, vitae cursus dolor.\r\nUt ut lorem dolor. Pellentesque habitant morbi tristique senectus et netus et malesuada fames ac turpis egestas. Phasellus eu leo interdum, dapibus tellus vitae, dignissim erat. Quisque bibendum ipsum ac nulla dapibus, ut gravida nisi vehicula. Donec a justo at tellus porta aliquam. Morbi iaculis enim eget purus tempor venenatis at sed tellus. Cras nec gravida justo, vitae cursus dolor.", "details_az": "", "manufacturer": 3, "category": 4}}, {"model": "Product.product", "pk": 11, "fields": {"name": "Wool-blend Shirt Jacket", "name_en": "Wool-blend Shirt Jacket", "name_az": null, "price": 75.0, "in_sale": true, "discount": 30, "new_price": 52.5, "overview": "Ut ut lorem dolor. Pellentesque habitant morbi tristique senectus et netus et malesuada fames ac turpis egestas. Phasellus eu leo interdum, dapibus tellus vitae, dignissim erat. Quisque bibendum ipsum ac nulla dapibus, ut gravida nisi vehicula. Donec a justo at tellus porta aliquam. Morbi iaculis enim eget purus tempor venenatis at sed tellus. Cras nec gravida justo, vitae cursus dolor.", "overview_en": "Ut ut lorem dolor. Pellentesque habitant morbi tristique senectus et netus et malesuada fames ac turpis egestas. Phasellus eu leo interdum, dapibus tellus vitae, dignissim erat. Quisque bibendum ipsum ac nulla dapibus, ut gravida nisi vehicula. Donec a justo at tellus porta aliquam. Morbi iaculis enim eget purus tempor venenatis at sed tellus. Cras nec gravida justo, vitae cursus dolor.", "overview_az": "", "details": "Ut ut lorem dolor. Pellentesque habitant morbi tristique senectus et netus et malesuada fames ac turpis egestas. Phasellus eu leo interdum, dapibus tellus vitae, dignissim erat. Quisque bibendum ipsum ac nulla dapibus, ut gravida nisi vehicula. Donec a justo at tellus porta aliquam. Morbi iaculis enim eget purus tempor venenatis at sed tellus. Cras nec gravida justo, vitae cursus dolor.\r\nUt ut lorem dolor. Pellentesque habitant morbi tristique senectus et netus et malesuada fames ac turpis egestas. Phasellus eu leo interdum, dapibus tellus vitae, dignissim erat. Quisque bibendum ipsum ac nulla dapibus, ut gravida nisi vehicula. Donec a justo at tellus porta aliquam. Morbi iaculis enim eget purus tempor venenatis at sed tellus. Cras nec gravida justo, vitae cursus dolor.", "details_en": "Ut ut lorem dolor. Pellentesque habitant morbi tristique senectus et netus et malesuada fames ac turpis egestas. Phasellus eu leo interdum, dapibus tellus vitae, dignissim erat. Quisque bibendum ipsum ac nulla dapibus, ut gravida nisi vehicula. Donec a justo at tellus porta aliquam. Morbi iaculis enim eget purus tempor venenatis at sed tellus. Cras nec gravida justo, vitae cursus dolor.\r\nUt ut lorem dolor. Pellentesque habitant morbi tristique senectus et netus et malesuada fames ac turpis egestas. Phasellus eu leo interdum, dapibus tellus vitae, dignissim erat. Quisque bibendum ipsum ac nulla dapibus, ut gravida nisi vehicula. Donec a justo at tellus porta aliquam. Morbi iaculis enim eget purus tempor venenatis at sed tellus. Cras nec gravida justo, vitae cursus dolor.", "details_az": "", "manufacturer": 2, "category": 5}}, {"model": "Product.product", "pk": 12, "fields": {"name": "Bomber Jacket", "name_en": "Bomber Jacket", "name_az": null, "price": 35.0, "in_sale": true, "discount": 15, "new_price": 29.75, "overview": "Ut ut lorem dolor. Pellentesque habitant morbi tristique senectus et netus et malesuada fames ac turpis egestas. Phasellus eu leo interdum, dapibus tellus vitae, dignissim erat. Quisque bibendum ipsum ac nulla dapibus, ut gravida nisi vehicula. Donec a justo at tellus porta aliquam. Morbi iaculis enim eget purus tempor venenatis at sed tellus. Cras nec gravida justo, vitae cursus dolor.", "overview_en": "Ut ut lorem dolor. Pellentesque habitant morbi tristique senectus et netus et malesuada fames ac turpis egestas. Phasellus eu leo interdum, dapibus tellus vitae, dignissim erat. Quisque bibendum ipsum ac nulla dapibus, ut gravida nisi vehicula. Donec a justo at tellus porta aliquam. Morbi iaculis enim eget purus tempor venenatis at sed tellus. Cras nec gravida justo, vitae cursus dolor.", "overview_az": "", "details": "Ut ut lorem dolor. Pellentesque habitant morbi tristique senectus et netus et malesuada fames ac turpis egestas. Phasellus eu leo interdum, dapibus tellus vitae, dignissim erat. Quisque bibendum ipsum ac nulla dapibus, ut gravida nisi vehicula. Donec a justo at tellus porta aliquam. Morbi iaculis enim eget purus tempor venenatis at sed tellus. Cras nec gravida justo, vitae cursus dolor.\r\nUt ut lorem dolor. Pellentesque habitant morbi tristique senectus et netus et malesuada fames ac turpis egestas. Phasellus eu leo interdum, dapibus tellus vitae, dignissim erat. Quisque bibendum ipsum ac nulla dapibus, ut gravida nisi vehicula. Donec a justo at tellus porta aliquam. Morbi iaculis enim eget purus tempor venenatis at sed tellus. Cras nec gravida justo, vitae cursus dolor.", "details_en": "Ut ut lorem dolor. Pellentesque habitant morbi tristique senectus et netus et malesuada fames ac turpis egestas. Phasellus eu leo interdum, dapibus tellus vitae, dignissim erat. Quisque bibendum ipsum ac nulla dapibus, ut gravida nisi vehicula. Donec a justo at tellus porta aliquam. Morbi iaculis enim eget purus tempor venenatis at sed tellus. Cras nec gravida justo, vitae cursus dolor.\r\nUt ut lorem dolor. Pellentesque habitant morbi tristique senectus et netus et malesuada fames ac turpis egestas. Phasellus eu leo interdum, dapibus tellus vitae, dignissim erat. Quisque bibendum ipsum ac nulla dapibus, ut gravida nisi vehicula. Donec a justo at tellus porta aliquam. Morbi iaculis enim eget purus tempor venenatis at sed tellus. Cras nec gravida justo, vitae cursus dolor.", "details_az": "", "manufacturer": 1, "category": 5}}, {"model": "Product.color", "pk": 1, "fields": {"name": "Beige"}}, {"model": "Product.color", "pk": 2, "fields": {"name": "Red"}}, {"model": "Product.color", "pk": 3, "fields": {"name": "Black"}}, {"model": "Product.color", "pk": 4, "fields": {"name": "Blue"}}, {"model": "Product.color", "pk": 5, "fields": {"name": "Grey"}}, {"model": "Product.color", "pk": 6, "fields": {"name": "White"}}, {"model": "Product.image", "pk": 1, "fields": {"image": "product_images/shoes2.jfif"}}, {"model": "Product.image", "pk": 2, "fields": {"image": "product_images/shoes3.jfif"}}, {"model": "Product.image", "pk": 3, "fields": {"image": "product_images/shoes4.jfif"}}, {"model": "Product.image", "pk": 4, "fields": {"image": "product_images/shoes5.jfif"}}, {"model": "Product.image", "pk": 5, "fields": {"image": "product_images/shoes7.jfif"}}, {"model": "Product.image", "pk": 6, "fields": {"image": "product_images/shoes8.jfif"}}, {"model": "Product.image", "pk": 7, "fields": {"image": "product_images/shoes9.jfif"}}, {"model": "Product.image", "pk": 8, "fields": {"image": "product_images/shoes10.jfif"}}, {"model": "Product.image", "pk": 9, "fields": {"image": "product_images/shoes12.jfif"}}, {"model": "Product.image", "pk": 10, "fields": {"image": "product_images/shoes13.jfif"}}, {"model": "Product.image", "pk": 11, "fields": {"image": "product_images/shoes14.jfif"}}, {"model": "Product.image", "pk": 12, "fields": {"image": "product_images/shoes15.jfif"}}, {"model": "Product.image", "pk": 13, "fields": {"image": "product_images/Pants2.jfif"}}, {"model": "Product.image", "pk": 14, "fields": {"image": "product_images/Pants3.jfif"}}, {"model": "Product.image", "pk": 15, "fields": {"image": "product_images/Pants4.jfif"}}, {"model": "Product.image", "pk": 16, "fields": {"image": "product_images/Pants6.jfif"}}, {"model": "Product.image", "pk": 17, "fields": {"image": "product_images/Pants7.jfif"}}, {"model": "Product.image", "pk": 18, "fields": {"image": "product_images/Pants8.jfif"}}, {"model": "Product.image", "pk": 19, "fields": {"image": "product_images/sweater2.jfif"}}, {"model": "Product.image", "pk": 20, "fields": {"image": "product_images/sweater3.jfif"}}, {"model": "Product.image", "pk": 21, "fields": {"image": "product_images/sweater4.jfif"}}, {"model": "Product.image", "pk": 22, "fields": {"image": "product_images/sweater6.jfif"}}, {"model": "Product.image", "pk": 23, "fields": {"image": "product_images/sweater7.jfif"}}, {"model": "Product.image", "pk": 24, "fields": {"image": "product_images/sweater8.jfif"}}, {"model": "Product.image", "pk": 25, "fields": {"image": "product_images/dress2.jfif"}}, {"model": "Product.image", "pk": 26, "fields": {"image": "product_images/dress3.jfif"}}, {"model": "Product.image", "pk": 27, "fields": {"image": "product_images/dress4.jfif"}}, {"model": "Product.image", "pk": 28, "fields": {"image": "product_images/dress5.jfif"}}, {"model": "Product.image", "pk": 29, "fields": {"image": "product_images/dress7.jfif"}}, {"model": "Product.image", "pk": 30, "fields": {"image": "product_images/dress8.jfif"}}, {"model": "Product.image", "pk": 31, "fields": {"image": "product_images/dress9.jfif"}}, {"model": "Product.image", "pk": 32, "fields": {"image": "product_images/dress10.jfif"}}, {"model": "Product.image", "pk": 33, "fields": {"image": "product_images/dress12.jfif"}}, {"model": "Product.image", "pk": 34, "fields": {"image": "product_images/dress13.jfif"}}, {"model": "Product.image", "pk": 35, "fields": {"image": "product_images/dress14.jfif"}}, {"model": "Product.image", "pk": 36, "fields": {"image": "product_images/dress15.jfif"}}, {"model": "Product.image", "pk": 37, "fields": {"image": "product_images/shirts2.jfif"}}, {"model": "Product.image", "pk": 38, "fields": {"image": "product_images/shirts3.jfif"}}, {"model": "Product.image", "pk": 39, "fields": {"image": "product_images/shirts4.jfif"}}, {"model": "Product.image", "pk": 40, "fields": {"image": "product_images/shirts5.jfif"}}, {"model": "Product.image", "pk": 41, "fields": {"image": "product_images/shirts6.jfif"}}, {"model": "Product.image", "pk": 42, "fields": {"image": "product_images/shirts7.jfif"}}, {"model": "Product.image", "pk": 43, "fields": {"image": "product_images/shirts8.jfif"}}, {"model": "Product.image", "pk": 44, "fields": {"image": "product_images/shirts9.jfif"}}, {"model": "Product.image", "pk": 45, "fields": {"image": "product_images/shirts10.jfif"}}, {"model": "Product.image", "pk": 46, "fields": {"image": "product_images/shoes17.jfif"}}, {"model": "Product.image", "pk": 47, "fields": {"image": "product_images/shoes18.jfif"}}, {"model": "Product.image", "pk": 48, "fields": {"image": "product_images/shoes19.jfif"}}, {"model": "Product.image", "pk": 49, "fields": {"image": "product_images/shoes20.jfif"}}, {"model": "Product.image", "pk": 50, "fields": {"image": "product_images/jacket2.jfif"}}, {"model": "Product.image", "pk": 51, "fields": {"image": "product_images/jacket3.jfif"}}, {"model": "Product.image", "pk": 52, "fields": {"image": "product_images/jacket4.jfif"}}, {"model": "Product.image", "pk": 53, "fields": {"image": "product_images/jacket5.jfif"}}, {"model": "Product.image", "pk": 54, "fields": {"image": "product_images/jacket7.jfif"}}, {"model": "Product.image", "pk": 55, "fields": {"image": "product_images/jacket8.jfif"}}, {"model": "Product.image", "pk": 56, "fields": {"image": "product_images/jacket9.jfif"}}, {"model": "Product.image", "pk": 57, "fields": {"image": "product_images/jacket10.jfif"}}, {"model": "Product.product_version", "pk": 1, "fields": {"quantity": 40, "review_count": 0, "datetime": "2022-11-04T11:50:08.905Z", "read_count": 6, "cover_image": "product_images/shoes1.jfif", "color": 1, "product": 1, "images": [1, 2, 3, 4]}}, {"model": "Product.product_version", "pk": 2, "fields": {"quantity": 35, "review_count": 0, "datetime": "2022-11-04T11:50:08.943Z", "read_count": 2, "cover_image": "product_images/shoes6.jfif", "color": 3, "product": 1, "images": [5, 6, 7, 8]}}, {"model": "Product.product_version", "pk": 3, "fields": {"quantity": 40, "review_count": 0, "datetime": "2022-11-04T11:50:08.954Z", "read_count": 2, "cover_image": "product_images/shoes11.jfif", "color": 2, "product": 1, "images": [9, 10, 11, 12]}}, {"model": "Product.product_version", "pk": 4, "fields": {"quantity": 30, "review_count": 0, "datetime": "2022-11-04T16:25:50.674Z", "read_count": 1, "cover_image": "product_images/Pants1.jfif", "color": 4, "product": 2, "images": [13, 14, 15]}}, {"model": "Product.product_version", "pk": 5, "fields": {"quantity": 35, "review_count": 0, "datetime": "2022-11-04T16:27:58.406Z", "read_count": 1, "cover_image": "product_images/Pants5.jfif", "color": 5, "product": 3, "images": [16, 17, 18]}}, {"model": "Product.product_version", "pk": 6, "fields": {"quantity": 35, "review_count": 0, "datetime": "2022-11-04T16:32:43.006Z", "read_count": 1, "cover_image": "product_images/sweater1.jfif", "color": 2, "product": 4, "images": [19, 20, 21]}}, {"model": "Product.product_version", "pk": 7, "fields": {"quantity": 30, "review_count": 0, "datetime": "2022-11-04T16:40:45.525Z", "read_count": 0, "cover_image": "product_images/dress1.jfif", "color": 5, "product": 6, "images": [25, 26, 27, 28]}}, {"model": "Product.product_version", "pk": 8, "fields": {"quantity": 30, "review_count": 0, "datetime": "2022-11-04T16:40:45.553Z", "read_count": 0, "cover_image": "product_images/dress6.jfif", "color": 1, "product": 6, "images": [29, 30, 31, 32]}}, {"model": "Product.product_version", "pk": 9, "fields": {"quantity": 40, "review_count": 0, "datetime": "2022-11-04T16:43:03.121Z", "read_count": 1, "cover_image": "product_images/dress11.jfif", "color": 3, "product": 7, "images": [33, 34, 35, 36]}}, {"model": "Product.product_version", "pk": 10, "fields": {"quantity": 25, "review_count": 0, "datetime": "2022-11-04T16:46:09.824Z", "read_count": 0, "cover_image": "product_images/shirts1.jfif", "color": 6, "product": 8, "images": [37, 38, 39, 40]}}, {"model": "Product.product_version", "pk": 11, "fields": {"quantity": 30, "review_count": 0, "datetime": "2022-11-04T16:49:23.625Z", "read_count": 0, "cover_image": "product_images/shirts6_QSejkMe.jfif", "color": 3, "product": 9, "images": [42, 43, 44, 45]}}, {"model": "Product.product_version", "pk": 12, "fields": {"quantity": 30, "review_count": 0, "datetime": "2022-11-04T16:52:52.873Z", "read_count": 1, "cover_image": "product_images/shoes16.jfif", "color": 6, "product": 10, "images": [46, 47, 48, 49]}}, {"model": "Product.product_version", "pk": 13, "fields": {"quantity": 50, "review_count": 0, "datetime": "2022-11-04T16:57:52.141Z", "read_count": 0, "cover_image": "product_images/jacket1.jfif", "color": 4, "product": 11, "images": [50, 51, 52, 53]}}, {"model": "Product.product_version", "pk": 14, "fields": {"quantity": 45, "review_count": 0, "datetime": "2022-11-04T16:58:58.980Z", "read_count": 3, "cover_image": "product_images/jacket6.jfif", "color": 1, "product": 12, "images": [54, 55, 56, 57]}}, {"model": "Blog.category", "pk": 1, "fields": {"name": "Culture"}}, {"model": "Blog.category", "pk": 2, "fields": {"name": "Fashion"}}, {"model": "Blog.category", "pk": 3, "fields": {"name": "Beauty"}}, {"model": "Blog.author", "pk": 1, "fields": {"author": "Lily Stanford", "author_slug": "lily-stanford", "author_image": "user_images/avatar5_ADpM8vF.png"}}, {"model": "Blog.author", "pk": 2, "fields": {"author": "Emily Rasmussen", "author_slug": "emily-rasmussen", "author_image": "user_images/avatar4.png"}}, {"model": "Blog.author", "pk": 3, "fields": {"author": "Miranda Jackson", "author_slug": "miranda-jackson", "author_image": "user_images/avatar3_QhldVbZ.jpg"}}, {"model": "Blog.author", "pk": 4, "fields": {"author": "Taylor Miller", "author_slug": "taylor-miller", "author_image": "user_images/avatar2_vjx5qkK.png"}}, {"model": "Blog.author", "pk": 5, "fields": {"author": "James Smith", "author_slug": "james-smith", "author_image": "user_images/avatar1_9oMwQ6L.png"}}, {"model": "Blog.blog", "pk": 1, "fields": {"title": "H&M Move invites the whole world to move", "slug": "hm-move-invites-the-whole-world-to-move", "image": "blog_images/HM_Move_invites_the_whole_world_to_moveculture5.jpg", "author": 1, "date": "2022-11-05T05:35:38.005Z", "desc": "Lorem ipsum dolor sit amet, consectetur adipiscing elit. Curabitur eleifend purus quam, id tempus mauris dignissim in. Aliquam tellus felis, varius a dolor et, faucibus posuere lacus. Duis mattis at diam vel auctor. Vivamus sed pharetra nibh, eu pretium ex. Sed tincidunt rhoncus iaculis. Nulla porttitor rhoncus massa et convallis. Vestibulum vestibulum, enim sed laoreet accumsan, leo mi vulputate urna, et sagittis sem tortor vitae lectus. Quisque sollicitudin luctus pharetra. Nulla facilisi. Pellentesque blandit iaculis dolor consequat porttitor. Sed eu dignissim augue, ac porttitor enim. Aenean eros lorem, imperdiet quis arcu sed, ultrices dictum nibh. Donec pretium odio quis pharetra vehicula. Fusce magna ex, tempor nec commodo eget, mollis id dolor. Donec luctus dictum condimentum.\r\n\r\nPraesent pretium viverra arcu a fringilla. Aliquam luctus ante quis ante condimentum tincidunt. Donec sit amet interdum metus, eget ornare eros. Donec eget mattis odio, sed accumsan mi. Pellentesque ut ligula a lectus porta lobortis posuere eget nisl. Ut nec augue ac nunc fermentum convallis. Aenean ac tempor massa. Ut et rutrum leo. Praesent vitae ultrices ex. Cras ex ipsum, gravida ut ante et, tempus mollis libero. Sed tempus luctus est, ac malesuada tortor aliquet nec. Suspendisse eget quam turpis. Ut rhoncus sem augue, et lobortis libero tempus eget. Sed ut felis ac eros viverra lobortis et eu nisl.\r\n\r\nSed vestibulum laoreet mauris, sed elementum libero. Praesent vitae congue dolor, sit amet ultricies urna. Vivamus tempor, nunc quis mattis rutrum, diam sapien iaculis urna, eu vulputate tortor mi vitae enim. Pellentesque vitae arcu pulvinar, efficitur libero vitae, tempor lorem. Aliquam at vehicula sapien. Vestibulum pellentesque et diam a egestas. Cras sollicitudin vulputate risus vel suscipit. Nunc feugiat lorem quis massa interdum venenatis. Phasellus dictum arcu eget enim malesuada euismod. Pellentesque nisi nunc, dictum quis elit vel, tempus dictum ipsum. Maecenas hendrerit ante eu ante ultrices, at vestibulum nisi porttitor.\r\n\r\nCurabitur ut libero in nisi cursus porta. Aenean aliquam metus auctor risus faucibus, id tincidunt mauris vulputate. Pellentesque efficitur nisi ut velit egestas elementum. Fusce rutrum aliquam imperdiet. Nam varius imperdiet diam. Phasellus posuere mauris id lacus egestas finibus. Aliquam vestibulum mi ac risus malesuada, sed porta ligula posuere. Sed aliquam urna laoreet lacus aliquet, consequat pretium eros pulvinar. Fusce lacinia magna dui, id commodo erat pulvinar vehicula. Curabitur facilisis ornare nunc et laoreet. Phasellus sagittis ornare eros, vitae luctus risus fermentum vitae. Sed porta urna ac augue hendrerit malesuada. Integer eget sapien sit amet turpis congue bibendum. Vestibulum et auctor felis. Aliquam placerat risus porttitor turpis porttitor, eleifend eleifend metus accumsan. Nullam accumsan tristique dui, et semper purus aliquam non.", "read_count": 0, "category": 1}}, {"model": "Blog.blog", "pk": 2, "fields": {"title": "A Seoul Style Romance", "slug": "a-seoul-style-romance", "image": "blog_images/A_Seoul_Style_Romancefashion5.jpg", "author": 2, "date": "2022-11-05T05:36:19.176Z", "desc": "Lorem ipsum dolor sit amet, consectetur adipiscing elit. Curabitur eleifend purus quam, id tempus mauris dignissim in. Aliquam tellus felis, varius a dolor et, faucibus posuere lacus. Duis mattis at diam vel auctor. Vivamus sed pharetra nibh, eu pretium ex. Sed tincidunt rhoncus iaculis. Nulla porttitor rhoncus massa et convallis. Vestibulum vestibulum, enim sed laoreet accumsan, leo mi vulputate urna, et sagittis sem tortor vitae lectus. Quisque sollicitudin luctus pharetra. Nulla facilisi. Pellentesque blandit iaculis dolor consequat porttitor. Sed eu dignissim augue, ac porttitor enim. Aenean eros lorem, imperdiet quis arcu sed, ultrices dictum nibh. Donec pretium odio quis pharetra vehicula. Fusce magna ex, tempor nec commodo eget, mollis id dolor. Donec luctus dictum condimentum.\r\n\r\nPraesent pretium viverra arcu a fringilla. Aliquam luctus ante quis ante condimentum tincidunt. Donec sit amet interdum metus, eget ornare eros. Donec eget mattis odio, sed accumsan mi. Pellentesque ut ligula a lectus porta lobortis posuere eget nisl. Ut nec augue ac nunc fermentum convallis. Aenean ac tempor massa. Ut et rutrum leo. Praesent vitae ultrices ex. Cras ex ipsum, gravida ut ante et, tempus mollis libero. Sed tempus luctus est, ac malesuada tortor aliquet nec. Suspendisse eget quam turpis. Ut rhoncus sem augue, et lobortis libero tempus eget. Sed ut felis ac eros viverra lobortis et eu nisl.\r\n\r\nSed vestibulum laoreet mauris, sed elementum libero. Praesent vitae congue dolor, sit amet ultricies urna. Vivamus tempor, nunc quis mattis rutrum, diam sapien iaculis urna, eu vulputate tortor mi vitae enim. Pellentesque vitae arcu pulvinar, efficitur libero vitae, tempor lorem. Aliquam at vehicula sapien. Vestibulum pellentesque et diam a egestas. Cras sollicitudin vulputate risus vel suscipit. Nunc feugiat lorem quis massa interdum venenatis. Phasellus dictum arcu eget enim malesuada euismod. Pellentesque nisi nunc, dictum quis elit vel, tempus dictum ipsum. Maecenas hendrerit ante eu ante ultrices, at vestibulum nisi porttitor.\r\n\r\nCurabitur ut libero in nisi cursus porta. Aenean aliquam metus auctor risus faucibus, id tincidunt mauris vulputate. Pellentesque efficitur nisi ut velit egestas elementum. Fusce rutrum aliquam imperdiet. Nam varius imperdiet diam. Phasellus posuere mauris id lacus egestas finibus. Aliquam vestibulum mi ac risus malesuada, sed porta ligula posuere. Sed aliquam urna laoreet lacus aliquet, consequat pretium eros pulvinar. Fusce lacinia magna dui, id commodo erat pulvinar vehicula. Curabitur facilisis ornare nunc et laoreet. Phasellus sagittis ornare eros, vitae luctus risus fermentum vitae. Sed porta urna ac augue hendrerit malesuada. Integer eget sapien sit amet turpis congue bibendum. Vestibulum et auctor felis. Aliquam placerat risus porttitor turpis porttitor, eleifend eleifend metus accumsan. Nullam accumsan tristique dui, et semper purus aliquam non.", "read_count": 0, "category": 3}}, {"model": "Blog.blog", "pk": 3, "fields": {"title": "HOW TO CREATE GLOWING SKIN WITH BRONZER", "slug": "how-to-create-glowing-skin-with-bronzer", "image": "blog_images/HOW_TO_CREATE_GLOWING_SKIN_WITH_BRONZERbeauty4.jpg", "author": 3, "date": "2022-11-05T05:36:48.703Z", "desc": "Lorem ipsum dolor sit amet, consectetur adipiscing elit. Curabitur eleifend purus quam, id tempus mauris dignissim in. Aliquam tellus felis, varius a dolor et, faucibus posuere lacus. Duis mattis at diam vel auctor. Vivamus sed pharetra nibh, eu pretium ex. Sed tincidunt rhoncus iaculis. Nulla porttitor rhoncus massa et convallis. Vestibulum vestibulum, enim sed laoreet accumsan, leo mi vulputate urna, et sagittis sem tortor vitae lectus. Quisque sollicitudin luctus pharetra. Nulla facilisi. Pellentesque blandit iaculis dolor consequat porttitor. Sed eu dignissim augue, ac porttitor enim. Aenean eros lorem, imperdiet quis arcu sed, ultrices dictum nibh. Donec pretium odio quis pharetra vehicula. Fusce magna ex, tempor nec commodo eget, mollis id dolor. Donec luctus dictum condimentum.\r\n\r\nPraesent pretium viverra arcu a fringilla. Aliquam luctus ante quis ante condimentum tincidunt. Donec sit amet interdum metus, eget ornare eros. Donec eget mattis odio, sed accumsan mi. Pellentesque ut ligula a lectus porta lobortis posuere eget nisl. Ut nec augue ac nunc fermentum convallis. Aenean ac tempor massa. Ut et rutrum leo. Praesent vitae ultrices ex. Cras ex ipsum, gravida ut ante et, tempus mollis libero. Sed tempus luctus est, ac malesuada tortor aliquet nec. Suspendisse eget quam turpis. Ut rhoncus sem augue, et lobortis libero tempus eget. Sed ut felis ac eros viverra lobortis et eu nisl.\r\n\r\nSed vestibulum laoreet mauris, sed elementum libero. Praesent vitae congue dolor, sit amet ultricies urna. Vivamus tempor, nunc quis mattis rutrum, diam sapien iaculis urna, eu vulputate tortor mi vitae enim. Pellentesque vitae arcu pulvinar, efficitur libero vitae, tempor lorem. Aliquam at vehicula sapien. Vestibulum pellentesque et diam a egestas. Cras sollicitudin vulputate risus vel suscipit. Nunc feugiat lorem quis massa interdum venenatis. Phasellus dictum arcu eget enim malesuada euismod. Pellentesque nisi nunc, dictum quis elit vel, tempus dictum ipsum. Maecenas hendrerit ante eu ante ultrices, at vestibulum nisi porttitor.\r\n\r\nCurabitur ut libero in nisi cursus porta. Aenean aliquam metus auctor risus faucibus, id tincidunt mauris vulputate. Pellentesque efficitur nisi ut velit egestas elementum. Fusce rutrum aliquam imperdiet. Nam varius imperdiet diam. Phasellus posuere mauris id lacus egestas finibus. Aliquam vestibulum mi ac risus malesuada, sed porta ligula posuere. Sed aliquam urna laoreet lacus aliquet, consequat pretium eros pulvinar. Fusce lacinia magna dui, id commodo erat pulvinar vehicula. Curabitur facilisis ornare nunc et laoreet. Phasellus sagittis ornare eros, vitae luctus risus fermentum vitae. Sed porta urna ac augue hendrerit malesuada. Integer eget sapien sit amet turpis congue bibendum. Vestibulum et auctor felis. Aliquam placerat risus porttitor turpis porttitor, eleifend eleifend metus accumsan. Nullam accumsan tristique dui, et semper purus aliquam non.", "read_count": 1, "category": 2}}, {"model": "Blog.blog", "pk": 4, "fields": {"title": "A modern spring romance", "slug": "a-modern-spring-romance", "image": "blog_images/A_modern_spring_romancefashion4.jpg", "author": 4, "date": "2022-11-05T05:37:16.790Z", "desc": "Lorem ipsum dolor sit amet, consectetur adipiscing elit. Curabitur eleifend purus quam, id tempus mauris dignissim in. Aliquam tellus felis, varius a dolor et, faucibus posuere lacus. Duis mattis at diam vel auctor. Vivamus sed pharetra nibh, eu pretium ex. Sed tincidunt rhoncus iaculis. Nulla porttitor rhoncus massa et convallis. Vestibulum vestibulum, enim sed laoreet accumsan, leo mi vulputate urna, et sagittis sem tortor vitae lectus. Quisque sollicitudin luctus pharetra. Nulla facilisi. Pellentesque blandit iaculis dolor consequat porttitor. Sed eu dignissim augue, ac porttitor enim. Aenean eros lorem, imperdiet quis arcu sed, ultrices dictum nibh. Donec pretium odio quis pharetra vehicula. Fusce magna ex, tempor nec commodo eget, mollis id dolor. Donec luctus dictum condimentum.\r\n\r\nPraesent pretium viverra arcu a fringilla. Aliquam luctus ante quis ante condimentum tincidunt. Donec sit amet interdum metus, eget ornare eros. Donec eget mattis odio, sed accumsan mi. Pellentesque ut ligula a lectus porta lobortis posuere eget nisl. Ut nec augue ac nunc fermentum convallis. Aenean ac tempor massa. Ut et rutrum leo. Praesent vitae ultrices ex. Cras ex ipsum, gravida ut ante et, tempus mollis libero. Sed tempus luctus est, ac malesuada tortor aliquet nec. Suspendisse eget quam turpis. Ut rhoncus sem augue, et lobortis libero tempus eget. Sed ut felis ac eros viverra lobortis et eu nisl.\r\n\r\nSed vestibulum laoreet mauris, sed elementum libero. Praesent vitae congue dolor, sit amet ultricies urna. Vivamus tempor, nunc quis mattis rutrum, diam sapien iaculis urna, eu vulputate tortor mi vitae enim. Pellentesque vitae arcu pulvinar, efficitur libero vitae, tempor lorem. Aliquam at vehicula sapien. Vestibulum pellentesque et diam a egestas. Cras sollicitudin vulputate risus vel suscipit. Nunc feugiat lorem quis massa interdum venenatis. Phasellus dictum arcu eget enim malesuada euismod. Pellentesque nisi nunc, dictum quis elit vel, tempus dictum ipsum. Maecenas hendrerit ante eu ante ultrices, at vestibulum nisi porttitor.\r\n\r\nCurabitur ut libero in nisi cursus porta. Aenean aliquam metus auctor risus faucibus, id tincidunt mauris vulputate. Pellentesque efficitur nisi ut velit egestas elementum. Fusce rutrum aliquam imperdiet. Nam varius imperdiet diam. Phasellus posuere mauris id lacus egestas finibus. Aliquam vestibulum mi ac risus malesuada, sed porta ligula posuere. Sed aliquam urna laoreet lacus aliquet, consequat pretium eros pulvinar. Fusce lacinia magna dui, id commodo erat pulvinar vehicula. Curabitur facilisis ornare nunc et laoreet. Phasellus sagittis ornare eros, vitae luctus risus fermentum vitae. Sed porta urna ac augue hendrerit malesuada. Integer eget sapien sit amet turpis congue bibendum. Vestibulum et auctor felis. Aliquam placerat risus porttitor turpis porttitor, eleifend eleifend metus accumsan. Nullam accumsan tristique dui, et semper purus aliquam non.", "read_count": 0, "category": 3}}, {"model": "Blog.blog", "pk": 5, "fields": {"title": "Glitterally ready for the holidays", "slug": "glitterally-ready-for-the-holidays", "image": "blog_images/Glitterally_ready_for_the_holidaysbeauty3.jpg", "author": 5, "date": "2022-11-05T05:37:48.705Z", "desc": "Lorem ipsum dolor sit amet, consectetur adipiscing elit. Curabitur eleifend purus quam, id tempus mauris dignissim in. Aliquam tellus felis, varius a dolor et, faucibus posuere lacus. Duis mattis at diam vel auctor. Vivamus sed pharetra nibh, eu pretium ex. Sed tincidunt rhoncus iaculis. Nulla porttitor rhoncus massa et convallis. Vestibulum vestibulum, enim sed laoreet accumsan, leo mi vulputate urna, et sagittis sem tortor vitae lectus. Quisque sollicitudin luctus pharetra. Nulla facilisi. Pellentesque blandit iaculis dolor consequat porttitor. Sed eu dignissim augue, ac porttitor enim. Aenean eros lorem, imperdiet quis arcu sed, ultrices dictum nibh. Donec pretium odio quis pharetra vehicula. Fusce magna ex, tempor nec commodo eget, mollis id dolor. Donec luctus dictum condimentum.\r\n\r\nPraesent pretium viverra arcu a fringilla. Aliquam luctus ante quis ante condimentum tincidunt. Donec sit amet interdum metus, eget ornare eros. Donec eget mattis odio, sed accumsan mi. Pellentesque ut ligula a lectus porta lobortis posuere eget nisl. Ut nec augue ac nunc fermentum convallis. Aenean ac tempor massa. Ut et rutrum leo. Praesent vitae ultrices ex. Cras ex ipsum, gravida ut ante et, tempus mollis libero. Sed tempus luctus est, ac malesuada tortor aliquet nec. Suspendisse eget quam turpis. Ut rhoncus sem augue, et lobortis libero tempus eget. Sed ut felis ac eros viverra lobortis et eu nisl.\r\n\r\nSed vestibulum laoreet mauris, sed elementum libero. Praesent vitae congue dolor, sit amet ultricies urna. Vivamus tempor, nunc quis mattis rutrum, diam sapien iaculis urna, eu vulputate tortor mi vitae enim. Pellentesque vitae arcu pulvinar, efficitur libero vitae, tempor lorem. Aliquam at vehicula sapien. Vestibulum pellentesque et diam a egestas. Cras sollicitudin vulputate risus vel suscipit. Nunc feugiat lorem quis massa interdum venenatis. Phasellus dictum arcu eget enim malesuada euismod. Pellentesque nisi nunc, dictum quis elit vel, tempus dictum ipsum. Maecenas hendrerit ante eu ante ultrices, at vestibulum nisi porttitor.\r\n\r\nCurabitur ut libero in nisi cursus porta. Aenean aliquam metus auctor risus faucibus, id tincidunt mauris vulputate. Pellentesque efficitur nisi ut velit egestas elementum. Fusce rutrum aliquam imperdiet. Nam varius imperdiet diam. Phasellus posuere mauris id lacus egestas finibus. Aliquam vestibulum mi ac risus malesuada, sed porta ligula posuere. Sed aliquam urna laoreet lacus aliquet, consequat pretium eros pulvinar. Fusce lacinia magna dui, id commodo erat pulvinar vehicula. Curabitur facilisis ornare nunc et laoreet. Phasellus sagittis ornare eros, vitae luctus risus fermentum vitae. Sed porta urna ac augue hendrerit malesuada. Integer eget sapien sit amet turpis congue bibendum. Vestibulum et auctor felis. Aliquam placerat risus porttitor turpis porttitor, eleifend eleifend metus accumsan. Nullam accumsan tristique dui, et semper purus aliquam non.", "read_count": 1, "category": 2}}, {"model": "Blog.blog", "pk": 6, "fields": {"title": "Our guide to the best kids room ideas", "slug": "our-guide-to-the-best-kids-room-ideas", "image": "blog_images/Our_guide_to_the_best_kids_room_ideas_cultre4.jpg", "author": 1, "date": "2022-11-05T05:38:15.181Z", "desc": "Lorem ipsum dolor sit amet, consectetur adipiscing elit. Curabitur eleifend purus quam, id tempus mauris dignissim in. Aliquam tellus felis, varius a dolor et, faucibus posuere lacus. Duis mattis at diam vel auctor. Vivamus sed pharetra nibh, eu pretium ex. Sed tincidunt rhoncus iaculis. Nulla porttitor rhoncus massa et convallis. Vestibulum vestibulum, enim sed laoreet accumsan, leo mi vulputate urna, et sagittis sem tortor vitae lectus. Quisque sollicitudin luctus pharetra. Nulla facilisi. Pellentesque blandit iaculis dolor consequat porttitor. Sed eu dignissim augue, ac porttitor enim. Aenean eros lorem, imperdiet quis arcu sed, ultrices dictum nibh. Donec pretium odio quis pharetra vehicula. Fusce magna ex, tempor nec commodo eget, mollis id dolor. Donec luctus dictum condimentum.\r\n\r\nPraesent pretium viverra arcu a fringilla. Aliquam luctus ante quis ante condimentum tincidunt. Donec sit amet interdum metus, eget ornare eros. Donec eget mattis odio, sed accumsan mi. Pellentesque ut ligula a lectus porta lobortis posuere eget nisl. Ut nec augue ac nunc fermentum convallis. Aenean ac tempor massa. Ut et rutrum leo. Praesent vitae ultrices ex. Cras ex ipsum, gravida ut ante et, tempus mollis libero. Sed tempus luctus est, ac malesuada tortor aliquet nec. Suspendisse eget quam turpis. Ut rhoncus sem augue, et lobortis libero tempus eget. Sed ut felis ac eros viverra lobortis et eu nisl.\r\n\r\nSed vestibulum laoreet mauris, sed elementum libero. Praesent vitae congue dolor, sit amet ultricies urna. Vivamus tempor, nunc quis mattis rutrum, diam sapien iaculis urna, eu vulputate tortor mi vitae enim. Pellentesque vitae arcu pulvinar, efficitur libero vitae, tempor lorem. Aliquam at vehicula sapien. Vestibulum pellentesque et diam a egestas. Cras sollicitudin vulputate risus vel suscipit. Nunc feugiat lorem quis massa interdum venenatis. Phasellus dictum arcu eget enim malesuada euismod. Pellentesque nisi nunc, dictum quis elit vel, tempus dictum ipsum. Maecenas hendrerit ante eu ante ultrices, at vestibulum nisi porttitor.\r\n\r\nCurabitur ut libero in nisi cursus porta. Aenean aliquam metus auctor risus faucibus, id tincidunt mauris vulputate. Pellentesque efficitur nisi ut velit egestas elementum. Fusce rutrum aliquam imperdiet. Nam varius imperdiet diam. Phasellus posuere mauris id lacus egestas finibus. Aliquam vestibulum mi ac risus malesuada, sed porta ligula posuere. Sed aliquam urna laoreet lacus aliquet, consequat pretium eros pulvinar. Fusce lacinia magna dui, id commodo erat pulvinar vehicula. Curabitur facilisis ornare nunc et laoreet. Phasellus sagittis ornare eros, vitae luctus risus fermentum vitae. Sed porta urna ac augue hendrerit malesuada. Integer eget sapien sit amet turpis congue bibendum. Vestibulum et auctor felis. Aliquam placerat risus porttitor turpis porttitor, eleifend eleifend metus accumsan. Nullam accumsan tristique dui, et semper purus aliquam non.", "read_count": 0, "category": 1}}, {"model": "Blog.blog", "pk": 7, "fields": {"title": "What we do at home", "slug": "what-we-do-at-home", "image": "blog_images/What_we_do_at_homefashion2.jpg", "author": 4, "date": "2022-11-05T05:38:40.328Z", "desc": "Lorem ipsum dolor sit amet, consectetur adipiscing elit. Curabitur eleifend purus quam, id tempus mauris dignissim in. Aliquam tellus felis, varius a dolor et, faucibus posuere lacus. Duis mattis at diam vel auctor. Vivamus sed pharetra nibh, eu pretium ex. Sed tincidunt rhoncus iaculis. Nulla porttitor rhoncus massa et convallis. Vestibulum vestibulum, enim sed laoreet accumsan, leo mi vulputate urna, et sagittis sem tortor vitae lectus. Quisque sollicitudin luctus pharetra. Nulla facilisi. Pellentesque blandit iaculis dolor consequat porttitor. Sed eu dignissim augue, ac porttitor enim. Aenean eros lorem, imperdiet quis arcu sed, ultrices dictum nibh. Donec pretium odio quis pharetra vehicula. Fusce magna ex, tempor nec commodo eget, mollis id dolor. Donec luctus dictum condimentum.\r\n\r\nPraesent pretium viverra arcu a fringilla. Aliquam luctus ante quis ante condimentum tincidunt. Donec sit amet interdum metus, eget ornare eros. Donec eget mattis odio, sed accumsan mi. Pellentesque ut ligula a lectus porta lobortis posuere eget nisl. Ut nec augue ac nunc fermentum convallis. Aenean ac tempor massa. Ut et rutrum leo. Praesent vitae ultrices ex. Cras ex ipsum, gravida ut ante et, tempus mollis libero. Sed tempus luctus est, ac malesuada tortor aliquet nec. Suspendisse eget quam turpis. Ut rhoncus sem augue, et lobortis libero tempus eget. Sed ut felis ac eros viverra lobortis et eu nisl.\r\n\r\nSed vestibulum laoreet mauris, sed elementum libero. Praesent vitae congue dolor, sit amet ultricies urna. Vivamus tempor, nunc quis mattis rutrum, diam sapien iaculis urna, eu vulputate tortor mi vitae enim. Pellentesque vitae arcu pulvinar, efficitur libero vitae, tempor lorem. Aliquam at vehicula sapien. Vestibulum pellentesque et diam a egestas. Cras sollicitudin vulputate risus vel suscipit. Nunc feugiat lorem quis massa interdum venenatis. Phasellus dictum arcu eget enim malesuada euismod. Pellentesque nisi nunc, dictum quis elit vel, tempus dictum ipsum. Maecenas hendrerit ante eu ante ultrices, at vestibulum nisi porttitor.\r\n\r\nCurabitur ut libero in nisi cursus porta. Aenean aliquam metus auctor risus faucibus, id tincidunt mauris vulputate. Pellentesque efficitur nisi ut velit egestas elementum. Fusce rutrum aliquam imperdiet. Nam varius imperdiet diam. Phasellus posuere mauris id lacus egestas finibus. Aliquam vestibulum mi ac risus malesuada, sed porta ligula posuere. Sed aliquam urna laoreet lacus aliquet, consequat pretium eros pulvinar. Fusce lacinia magna dui, id commodo erat pulvinar vehicula. Curabitur facilisis ornare nunc et laoreet. Phasellus sagittis ornare eros, vitae luctus risus fermentum vitae. Sed porta urna ac augue hendrerit malesuada. Integer eget sapien sit amet turpis congue bibendum. Vestibulum et auctor felis. Aliquam placerat risus porttitor turpis porttitor, eleifend eleifend metus accumsan. Nullam accumsan tristique dui, et semper purus aliquam non.", "read_count": 0, "category": 3}}, {"model": "Blog.blog", "pk": 8, "fields": {"title": "Take a seat at Brasserie Hennes", "slug": "take-a-seat-at-brasserie-hennes", "image": "blog_images/Take_a_seat_at_Brasserie_Hennesculture3.jpg", "author": 2, "date": "2022-11-05T05:39:07.131Z", "desc": "Lorem ipsum dolor sit amet, consectetur adipiscing elit. Curabitur eleifend purus quam, id tempus mauris dignissim in. Aliquam tellus felis, varius a dolor et, faucibus posuere lacus. Duis mattis at diam vel auctor. Vivamus sed pharetra nibh, eu pretium ex. Sed tincidunt rhoncus iaculis. Nulla porttitor rhoncus massa et convallis. Vestibulum vestibulum, enim sed laoreet accumsan, leo mi vulputate urna, et sagittis sem tortor vitae lectus. Quisque sollicitudin luctus pharetra. Nulla facilisi. Pellentesque blandit iaculis dolor consequat porttitor. Sed eu dignissim augue, ac porttitor enim. Aenean eros lorem, imperdiet quis arcu sed, ultrices dictum nibh. Donec pretium odio quis pharetra vehicula. Fusce magna ex, tempor nec commodo eget, mollis id dolor. Donec luctus dictum condimentum.\r\n\r\nPraesent pretium viverra arcu a fringilla. Aliquam luctus ante quis ante condimentum tincidunt. Donec sit amet interdum metus, eget ornare eros. Donec eget mattis odio, sed accumsan mi. Pellentesque ut ligula a lectus porta lobortis posuere eget nisl. Ut nec augue ac nunc fermentum convallis. Aenean ac tempor massa. Ut et rutrum leo. Praesent vitae ultrices ex. Cras ex ipsum, gravida ut ante et, tempus mollis libero. Sed tempus luctus est, ac malesuada tortor aliquet nec. Suspendisse eget quam turpis. Ut rhoncus sem augue, et lobortis libero tempus eget. Sed ut felis ac eros viverra lobortis et eu nisl.\r\n\r\nSed vestibulum laoreet mauris, sed elementum libero. Praesent vitae congue dolor, sit amet ultricies urna. Vivamus tempor, nunc quis mattis rutrum, diam sapien iaculis urna, eu vulputate tortor mi vitae enim. Pellentesque vitae arcu pulvinar, efficitur libero vitae, tempor lorem. Aliquam at vehicula sapien. Vestibulum pellentesque et diam a egestas. Cras sollicitudin vulputate risus vel suscipit. Nunc feugiat lorem quis massa interdum venenatis. Phasellus dictum arcu eget enim malesuada euismod. Pellentesque nisi nunc, dictum quis elit vel, tempus dictum ipsum. Maecenas hendrerit ante eu ante ultrices, at vestibulum nisi porttitor.\r\n\r\nCurabitur ut libero in nisi cursus porta. Aenean aliquam metus auctor risus faucibus, id tincidunt mauris vulputate. Pellentesque efficitur nisi ut velit egestas elementum. Fusce rutrum aliquam imperdiet. Nam varius imperdiet diam. Phasellus posuere mauris id lacus egestas finibus. Aliquam vestibulum mi ac risus malesuada, sed porta ligula posuere. Sed aliquam urna laoreet lacus aliquet, consequat pretium eros pulvinar. Fusce lacinia magna dui, id commodo erat pulvinar vehicula. Curabitur facilisis ornare nunc et laoreet. Phasellus sagittis ornare eros, vitae luctus risus fermentum vitae. Sed porta urna ac augue hendrerit malesuada. Integer eget sapien sit amet turpis congue bibendum. Vestibulum et auctor felis. Aliquam placerat risus porttitor turpis porttitor, eleifend eleifend metus accumsan. Nullam accumsan tristique dui, et semper purus aliquam non.", "read_count": 0, "category": 1}}, {"model": "Blog.blog", "pk": 9, "fields": {"title": "Three beauty hacks to get the perfect base", "slug": "three-beauty-hacks-to-get-the-perfect-base", "image": "blog_images/Three_beauty_hacks_to_get_the_perfect_basebeauty5.jpg", "author": 3, "date": "2022-11-05T05:40:01.171Z", "desc": "Lorem ipsum dolor sit amet, consectetur adipiscing elit. Curabitur eleifend purus quam, id tempus mauris dignissim in. Aliquam tellus felis, varius a dolor et, faucibus posuere lacus. Duis mattis at diam vel auctor. Vivamus sed pharetra nibh, eu pretium ex. Sed tincidunt rhoncus iaculis. Nulla porttitor rhoncus massa et convallis. Vestibulum vestibulum, enim sed laoreet accumsan, leo mi vulputate urna, et sagittis sem tortor vitae lectus. Quisque sollicitudin luctus pharetra. Nulla facilisi. Pellentesque blandit iaculis dolor consequat porttitor. Sed eu dignissim augue, ac porttitor enim. Aenean eros lorem, imperdiet quis arcu sed, ultrices dictum nibh. Donec pretium odio quis pharetra vehicula. Fusce magna ex, tempor nec commodo eget, mollis id dolor. Donec luctus dictum condimentum.\r\n\r\nPraesent pretium viverra arcu a fringilla. Aliquam luctus ante quis ante condimentum tincidunt. Donec sit amet interdum metus, eget ornare eros. Donec eget mattis odio, sed accumsan mi. Pellentesque ut ligula a lectus porta lobortis posuere eget nisl. Ut nec augue ac nunc fermentum convallis. Aenean ac tempor massa. Ut et rutrum leo. Praesent vitae ultrices ex. Cras ex ipsum, gravida ut ante et, tempus mollis libero. Sed tempus luctus est, ac malesuada tortor aliquet nec. Suspendisse eget quam turpis. Ut rhoncus sem augue, et lobortis libero tempus eget. Sed ut felis ac eros viverra lobortis et eu nisl.\r\n\r\nSed vestibulum laoreet mauris, sed elementum libero. Praesent vitae congue dolor, sit amet ultricies urna. Vivamus tempor, nunc quis mattis rutrum, diam sapien iaculis urna, eu vulputate tortor mi vitae enim. Pellentesque vitae arcu pulvinar, efficitur libero vitae, tempor lorem. Aliquam at vehicula sapien. Vestibulum pellentesque et diam a egestas. Cras sollicitudin vulputate risus vel suscipit. Nunc feugiat lorem quis massa interdum venenatis. Phasellus dictum arcu eget enim malesuada euismod. Pellentesque nisi nunc, dictum quis elit vel, tempus dictum ipsum. Maecenas hendrerit ante eu ante ultrices, at vestibulum nisi porttitor.\r\n\r\nCurabitur ut libero in nisi cursus porta. Aenean aliquam metus auctor risus faucibus, id tincidunt mauris vulputate. Pellentesque efficitur nisi ut velit egestas elementum. Fusce rutrum aliquam imperdiet. Nam varius imperdiet diam. Phasellus posuere mauris id lacus egestas finibus. Aliquam vestibulum mi ac risus malesuada, sed porta ligula posuere. Sed aliquam urna laoreet lacus aliquet, consequat pretium eros pulvinar. Fusce lacinia magna dui, id commodo erat pulvinar vehicula. Curabitur facilisis ornare nunc et laoreet. Phasellus sagittis ornare eros, vitae luctus risus fermentum vitae. Sed porta urna ac augue hendrerit malesuada. Integer eget sapien sit amet turpis congue bibendum. Vestibulum et auctor felis. Aliquam placerat risus porttitor turpis porttitor, eleifend eleifend metus accumsan. Nullam accumsan tristique dui, et semper purus aliquam non.", "read_count": 0, "category": 2}}, {"model": "Blog.blog", "pk": 10, "fields": {"title": "Beauty trend alert: Soft green eyes", "slug": "beauty-trend-alert-soft-green-eyes", "image": "blog_images/Beauty_trend_alert_Soft_green_eyesbeauty2.jpg", "author": 5, "date": "2022-11-05T05:40:38.574Z", "desc": "Lorem ipsum dolor sit amet, consectetur adipiscing elit. Curabitur eleifend purus quam, id tempus mauris dignissim in. Aliquam tellus felis, varius a dolor et, faucibus posuere lacus. Duis mattis at diam vel auctor. Vivamus sed pharetra nibh, eu pretium ex. Sed tincidunt rhoncus iaculis. Nulla porttitor rhoncus massa et convallis. Vestibulum vestibulum, enim sed laoreet accumsan, leo mi vulputate urna, et sagittis sem tortor vitae lectus. Quisque sollicitudin luctus pharetra. Nulla facilisi. Pellentesque blandit iaculis dolor consequat porttitor. Sed eu dignissim augue, ac porttitor enim. Aenean eros lorem, imperdiet quis arcu sed, ultrices dictum nibh. Donec pretium odio quis pharetra vehicula. Fusce magna ex, tempor nec commodo eget, mollis id dolor. Donec luctus dictum condimentum.\r\n\r\nPraesent pretium viverra arcu a fringilla. Aliquam luctus ante quis ante condimentum tincidunt. Donec sit amet interdum metus, eget ornare eros. Donec eget mattis odio, sed accumsan mi. Pellentesque ut ligula a lectus porta lobortis posuere eget nisl. Ut nec augue ac nunc fermentum convallis. Aenean ac tempor massa. Ut et rutrum leo. Praesent vitae ultrices ex. Cras ex ipsum, gravida ut ante et, tempus mollis libero. Sed tempus luctus est, ac malesuada tortor aliquet nec. Suspendisse eget quam turpis. Ut rhoncus sem augue, et lobortis libero tempus eget. Sed ut felis ac eros viverra lobortis et eu nisl.\r\n\r\nSed vestibulum laoreet mauris, sed elementum libero. Praesent vitae congue dolor, sit amet ultricies urna. Vivamus tempor, nunc quis mattis rutrum, diam sapien iaculis urna, eu vulputate tortor mi vitae enim. Pellentesque vitae arcu pulvinar, efficitur libero vitae, tempor lorem. Aliquam at vehicula sapien. Vestibulum pellentesque et diam a egestas. Cras sollicitudin vulputate risus vel suscipit. Nunc feugiat lorem quis massa interdum venenatis. Phasellus dictum arcu eget enim malesuada euismod. Pellentesque nisi nunc, dictum quis elit vel, tempus dictum ipsum. Maecenas hendrerit ante eu ante ultrices, at vestibulum nisi porttitor.\r\n\r\nCurabitur ut libero in nisi cursus porta. Aenean aliquam metus auctor risus faucibus, id tincidunt mauris vulputate. Pellentesque efficitur nisi ut velit egestas elementum. Fusce rutrum aliquam imperdiet. Nam varius imperdiet diam. Phasellus posuere mauris id lacus egestas finibus. Aliquam vestibulum mi ac risus malesuada, sed porta ligula posuere. Sed aliquam urna laoreet lacus aliquet, consequat pretium eros pulvinar. Fusce lacinia magna dui, id commodo erat pulvinar vehicula. Curabitur facilisis ornare nunc et laoreet. Phasellus sagittis ornare eros, vitae luctus risus fermentum vitae. Sed porta urna ac augue hendrerit malesuada. Integer eget sapien sit amet turpis congue bibendum. Vestibulum et auctor felis. Aliquam placerat risus porttitor turpis porttitor, eleifend eleifend metus accumsan. Nullam accumsan tristique dui, et semper purus aliquam non.", "read_count": 1, "category": 2}}, {"model": "Blog.blog", "pk": 11, "fields": {"title": "Three trendy necklines and how to pair them", "slug": "three-trendy-necklines-and-how-to-pair-them", "image": "blog_images/Three_trendy_necklines_and_how_to_pair_themfashion3.jpg", "author": 3, "date": "2022-11-05T05:41:33.911Z", "desc": "Lorem ipsum dolor sit amet, consectetur adipiscing elit. Curabitur eleifend purus quam, id tempus mauris dignissim in. Aliquam tellus felis, varius a dolor et, faucibus posuere lacus. Duis mattis at diam vel auctor. Vivamus sed pharetra nibh, eu pretium ex. Sed tincidunt rhoncus iaculis. Nulla porttitor rhoncus massa et convallis. Vestibulum vestibulum, enim sed laoreet accumsan, leo mi vulputate urna, et sagittis sem tortor vitae lectus. Quisque sollicitudin luctus pharetra. Nulla facilisi. Pellentesque blandit iaculis dolor consequat porttitor. Sed eu dignissim augue, ac porttitor enim. Aenean eros lorem, imperdiet quis arcu sed, ultrices dictum nibh. Donec pretium odio quis pharetra vehicula. Fusce magna ex, tempor nec commodo eget, mollis id dolor. Donec luctus dictum condimentum.\r\n\r\nPraesent pretium viverra arcu a fringilla. Aliquam luctus ante quis ante condimentum tincidunt. Donec sit amet interdum metus, eget ornare eros. Donec eget mattis odio, sed accumsan mi. Pellentesque ut ligula a lectus porta lobortis posuere eget nisl. Ut nec augue ac nunc fermentum convallis. Aenean ac tempor massa. Ut et rutrum leo. Praesent vitae ultrices ex. Cras ex ipsum, gravida ut ante et, tempus mollis libero. Sed tempus luctus est, ac malesuada tortor aliquet nec. Suspendisse eget quam turpis. Ut rhoncus sem augue, et lobortis libero tempus eget. Sed ut felis ac eros viverra lobortis et eu nisl.\r\n\r\nSed vestibulum laoreet mauris, sed elementum libero. Praesent vitae congue dolor, sit amet ultricies urna. Vivamus tempor, nunc quis mattis rutrum, diam sapien iaculis urna, eu vulputate tortor mi vitae enim. Pellentesque vitae arcu pulvinar, efficitur libero vitae, tempor lorem. Aliquam at vehicula sapien. Vestibulum pellentesque et diam a egestas. Cras sollicitudin vulputate risus vel suscipit. Nunc feugiat lorem quis massa interdum venenatis. Phasellus dictum arcu eget enim malesuada euismod. Pellentesque nisi nunc, dictum quis elit vel, tempus dictum ipsum. Maecenas hendrerit ante eu ante ultrices, at vestibulum nisi porttitor.\r\n\r\nCurabitur ut libero in nisi cursus porta. Aenean aliquam metus auctor risus faucibus, id tincidunt mauris vulputate. Pellentesque efficitur nisi ut velit egestas elementum. Fusce rutrum aliquam imperdiet. Nam varius imperdiet diam. Phasellus posuere mauris id lacus egestas finibus. Aliquam vestibulum mi ac risus malesuada, sed porta ligula posuere. Sed aliquam urna laoreet lacus aliquet, consequat pretium eros pulvinar. Fusce lacinia magna dui, id commodo erat pulvinar vehicula. Curabitur facilisis ornare nunc et laoreet. Phasellus sagittis ornare eros, vitae luctus risus fermentum vitae. Sed porta urna ac augue hendrerit malesuada. Integer eget sapien sit amet turpis congue bibendum. Vestibulum et auctor felis. Aliquam placerat risus porttitor turpis porttitor, eleifend eleifend metus accumsan. Nullam accumsan tristique dui, et semper purus aliquam non.", "read_count": 0, "category": 3}}, {"model": "Blog.blog", "pk": 12, "fields": {"title": "A beauty color on the rise", "slug": "a-beauty-color-on-the-rise", "image": "blog_images/A_beauty_color_on_the_risebeauty1.jpg", "author": 2, "date": "2022-11-05T05:41:58.935Z", "desc": "Lorem ipsum dolor sit amet, consectetur adipiscing elit. Curabitur eleifend purus quam, id tempus mauris dignissim in. Aliquam tellus felis, varius a dolor et, faucibus posuere lacus. Duis mattis at diam vel auctor. Vivamus sed pharetra nibh, eu pretium ex. Sed tincidunt rhoncus iaculis. Nulla porttitor rhoncus massa et convallis. Vestibulum vestibulum, enim sed laoreet accumsan, leo mi vulputate urna, et sagittis sem tortor vitae lectus. Quisque sollicitudin luctus pharetra. Nulla facilisi. Pellentesque blandit iaculis dolor consequat porttitor. Sed eu dignissim augue, ac porttitor enim. Aenean eros lorem, imperdiet quis arcu sed, ultrices dictum nibh. Donec pretium odio quis pharetra vehicula. Fusce magna ex, tempor nec commodo eget, mollis id dolor. Donec luctus dictum condimentum.\r\n\r\nPraesent pretium viverra arcu a fringilla. Aliquam luctus ante quis ante condimentum tincidunt. Donec sit amet interdum metus, eget ornare eros. Donec eget mattis odio, sed accumsan mi. Pellentesque ut ligula a lectus porta lobortis posuere eget nisl. Ut nec augue ac nunc fermentum convallis. Aenean ac tempor massa. Ut et rutrum leo. Praesent vitae ultrices ex. Cras ex ipsum, gravida ut ante et, tempus mollis libero. Sed tempus luctus est, ac malesuada tortor aliquet nec. Suspendisse eget quam turpis. Ut rhoncus sem augue, et lobortis libero tempus eget. Sed ut felis ac eros viverra lobortis et eu nisl.\r\n\r\nSed vestibulum laoreet mauris, sed elementum libero. Praesent vitae congue dolor, sit amet ultricies urna. Vivamus tempor, nunc quis mattis rutrum, diam sapien iaculis urna, eu vulputate tortor mi vitae enim. Pellentesque vitae arcu pulvinar, efficitur libero vitae, tempor lorem. Aliquam at vehicula sapien. Vestibulum pellentesque et diam a egestas. Cras sollicitudin vulputate risus vel suscipit. Nunc feugiat lorem quis massa interdum venenatis. Phasellus dictum arcu eget enim malesuada euismod. Pellentesque nisi nunc, dictum quis elit vel, tempus dictum ipsum. Maecenas hendrerit ante eu ante ultrices, at vestibulum nisi porttitor.\r\n\r\nCurabitur ut libero in nisi cursus porta. Aenean aliquam metus auctor risus faucibus, id tincidunt mauris vulputate. Pellentesque efficitur nisi ut velit egestas elementum. Fusce rutrum aliquam imperdiet. Nam varius imperdiet diam. Phasellus posuere mauris id lacus egestas finibus. Aliquam vestibulum mi ac risus malesuada, sed porta ligula posuere. Sed aliquam urna laoreet lacus aliquet, consequat pretium eros pulvinar. Fusce lacinia magna dui, id commodo erat pulvinar vehicula. Curabitur facilisis ornare nunc et laoreet. Phasellus sagittis ornare eros, vitae luctus risus fermentum vitae. Sed porta urna ac augue hendrerit malesuada. Integer eget sapien sit amet turpis congue bibendum. Vestibulum et auctor felis. Aliquam placerat risus porttitor turpis porttitor, eleifend eleifend metus accumsan. Nullam accumsan tristique dui, et semper purus aliquam non.", "read_count": 0, "category": 2}}, {"model": "Blog.blog", "pk": 13, "fields": {"title": "Imagine That: Kids Innovation Story", "slug": "imagine-that-kids-innovation-story", "image": "blog_images/Imagine_That_Kids_Innovation_Storyculture2.jpg", "author": 5, "date": "2022-11-05T05:42:33.224Z", "desc": "Lorem ipsum dolor sit amet, consectetur adipiscing elit. Curabitur eleifend purus quam, id tempus mauris dignissim in. Aliquam tellus felis, varius a dolor et, faucibus posuere lacus. Duis mattis at diam vel auctor. Vivamus sed pharetra nibh, eu pretium ex. Sed tincidunt rhoncus iaculis. Nulla porttitor rhoncus massa et convallis. Vestibulum vestibulum, enim sed laoreet accumsan, leo mi vulputate urna, et sagittis sem tortor vitae lectus. Quisque sollicitudin luctus pharetra. Nulla facilisi. Pellentesque blandit iaculis dolor consequat porttitor. Sed eu dignissim augue, ac porttitor enim. Aenean eros lorem, imperdiet quis arcu sed, ultrices dictum nibh. Donec pretium odio quis pharetra vehicula. Fusce magna ex, tempor nec commodo eget, mollis id dolor. Donec luctus dictum condimentum.\r\n\r\nPraesent pretium viverra arcu a fringilla. Aliquam luctus ante quis ante condimentum tincidunt. Donec sit amet interdum metus, eget ornare eros. Donec eget mattis odio, sed accumsan mi. Pellentesque ut ligula a lectus porta lobortis posuere eget nisl. Ut nec augue ac nunc fermentum convallis. Aenean ac tempor massa. Ut et rutrum leo. Praesent vitae ultrices ex. Cras ex ipsum, gravida ut ante et, tempus mollis libero. Sed tempus luctus est, ac malesuada tortor aliquet nec. Suspendisse eget quam turpis. Ut rhoncus sem augue, et lobortis libero tempus eget. Sed ut felis ac eros viverra lobortis et eu nisl.\r\n\r\nSed vestibulum laoreet mauris, sed elementum libero. Praesent vitae congue dolor, sit amet ultricies urna. Vivamus tempor, nunc quis mattis rutrum, diam sapien iaculis urna, eu vulputate tortor mi vitae enim. Pellentesque vitae arcu pulvinar, efficitur libero vitae, tempor lorem. Aliquam at vehicula sapien. Vestibulum pellentesque et diam a egestas. Cras sollicitudin vulputate risus vel suscipit. Nunc feugiat lorem quis massa interdum venenatis. Phasellus dictum arcu eget enim malesuada euismod. Pellentesque nisi nunc, dictum quis elit vel, tempus dictum ipsum. Maecenas hendrerit ante eu ante ultrices, at vestibulum nisi porttitor.\r\n\r\nCurabitur ut libero in nisi cursus porta. Aenean aliquam metus auctor risus faucibus, id tincidunt mauris vulputate. Pellentesque efficitur nisi ut velit egestas elementum. Fusce rutrum aliquam imperdiet. Nam varius imperdiet diam. Phasellus posuere mauris id lacus egestas finibus. Aliquam vestibulum mi ac risus malesuada, sed porta ligula posuere. Sed aliquam urna laoreet lacus aliquet, consequat pretium eros pulvinar. Fusce lacinia magna dui, id commodo erat pulvinar vehicula. Curabitur facilisis ornare nunc et laoreet. Phasellus sagittis ornare eros, vitae luctus risus fermentum vitae. Sed porta urna ac augue hendrerit malesuada. Integer eget sapien sit amet turpis congue bibendum. Vestibulum et auctor felis. Aliquam placerat risus porttitor turpis porttitor, eleifend eleifend metus accumsan. Nullam accumsan tristique dui, et semper purus aliquam non.", "read_count": 0, "category": 1}}, {"model": "Blog.blog", "pk": 14, "fields": {"title": "The ultimate guide to handbags", "slug": "the-ultimate-guide-to-handbags", "image": "blog_images/The_ultimate_guide_to_handbagsfashion1.jpg", "author": 4, "date": "2022-11-05T05:43:41.252Z", "desc": "Lorem ipsum dolor sit amet, consectetur adipiscing elit. Curabitur eleifend purus quam, id tempus mauris dignissim in. Aliquam tellus felis, varius a dolor et, faucibus posuere lacus. Duis mattis at diam vel auctor. Vivamus sed pharetra nibh, eu pretium ex. Sed tincidunt rhoncus iaculis. Nulla porttitor rhoncus massa et convallis. Vestibulum vestibulum, enim sed laoreet accumsan, leo mi vulputate urna, et sagittis sem tortor vitae lectus. Quisque sollicitudin luctus pharetra. Nulla facilisi. Pellentesque blandit iaculis dolor consequat porttitor. Sed eu dignissim augue, ac porttitor enim. Aenean eros lorem, imperdiet quis arcu sed, ultrices dictum nibh. Donec pretium odio quis pharetra vehicula. Fusce magna ex, tempor nec commodo eget, mollis id dolor. Donec luctus dictum condimentum.\r\n\r\nPraesent pretium viverra arcu a fringilla. Aliquam luctus ante quis ante condimentum tincidunt. Donec sit amet interdum metus, eget ornare eros. Donec eget mattis odio, sed accumsan mi. Pellentesque ut ligula a lectus porta lobortis posuere eget nisl. Ut nec augue ac nunc fermentum convallis. Aenean ac tempor massa. Ut et rutrum leo. Praesent vitae ultrices ex. Cras ex ipsum, gravida ut ante et, tempus mollis libero. Sed tempus luctus est, ac malesuada tortor aliquet nec. Suspendisse eget quam turpis. Ut rhoncus sem augue, et lobortis libero tempus eget. Sed ut felis ac eros viverra lobortis et eu nisl.\r\n\r\nSed vestibulum laoreet mauris, sed elementum libero. Praesent vitae congue dolor, sit amet ultricies urna. Vivamus tempor, nunc quis mattis rutrum, diam sapien iaculis urna, eu vulputate tortor mi vitae enim. Pellentesque vitae arcu pulvinar, efficitur libero vitae, tempor lorem. Aliquam at vehicula sapien. Vestibulum pellentesque et diam a egestas. Cras sollicitudin vulputate risus vel suscipit. Nunc feugiat lorem quis massa interdum venenatis. Phasellus dictum arcu eget enim malesuada euismod. Pellentesque nisi nunc, dictum quis elit vel, tempus dictum ipsum. Maecenas hendrerit ante eu ante ultrices, at vestibulum nisi porttitor.\r\n\r\nCurabitur ut libero in nisi cursus porta. Aenean aliquam metus auctor risus faucibus, id tincidunt mauris vulputate. Pellentesque efficitur nisi ut velit egestas elementum. Fusce rutrum aliquam imperdiet. Nam varius imperdiet diam. Phasellus posuere mauris id lacus egestas finibus. Aliquam vestibulum mi ac risus malesuada, sed porta ligula posuere. Sed aliquam urna laoreet lacus aliquet, consequat pretium eros pulvinar. Fusce lacinia magna dui, id commodo erat pulvinar vehicula. Curabitur facilisis ornare nunc et laoreet. Phasellus sagittis ornare eros, vitae luctus risus fermentum vitae. Sed porta urna ac augue hendrerit malesuada. Integer eget sapien sit amet turpis congue bibendum. Vestibulum et auctor felis. Aliquam placerat risus porttitor turpis porttitor, eleifend eleifend metus accumsan. Nullam accumsan tristique dui, et semper purus aliquam non.", "read_count": 0, "category": 3}}, {"model": "Blog.blog", "pk": 15, "fields": {"title": "H&M Move teams up with Zlatan Ibrahimovi", "slug": "hm-move-teams-up-with-zlatan-ibrahimovic", "image": "blog_images/HM_Move_teams_up_with_Zlatan_Ibrahimoviculture1.jpg", "author": 1, "date": "2022-11-05T05:44:01.004Z", "desc": "Lorem ipsum dolor sit amet, consectetur adipiscing elit. Curabitur eleifend purus quam, id tempus mauris dignissim in. Aliquam tellus felis, varius a dolor et, faucibus posuere lacus. Duis mattis at diam vel auctor. Vivamus sed pharetra nibh, eu pretium ex. Sed tincidunt rhoncus iaculis. Nulla porttitor rhoncus massa et convallis. Vestibulum vestibulum, enim sed laoreet accumsan, leo mi vulputate urna, et sagittis sem tortor vitae lectus. Quisque sollicitudin luctus pharetra. Nulla facilisi. Pellentesque blandit iaculis dolor consequat porttitor. Sed eu dignissim augue, ac porttitor enim. Aenean eros lorem, imperdiet quis arcu sed, ultrices dictum nibh. Donec pretium odio quis pharetra vehicula. Fusce magna ex, tempor nec commodo eget, mollis id dolor. Donec luctus dictum condimentum.\r\n\r\nPraesent pretium viverra arcu a fringilla. Aliquam luctus ante quis ante condimentum tincidunt. Donec sit amet interdum metus, eget ornare eros. Donec eget mattis odio, sed accumsan mi. Pellentesque ut ligula a lectus porta lobortis posuere eget nisl. Ut nec augue ac nunc fermentum convallis. Aenean ac tempor massa. Ut et rutrum leo. Praesent vitae ultrices ex. Cras ex ipsum, gravida ut ante et, tempus mollis libero. Sed tempus luctus est, ac malesuada tortor aliquet nec. Suspendisse eget quam turpis. Ut rhoncus sem augue, et lobortis libero tempus eget. Sed ut felis ac eros viverra lobortis et eu nisl.\r\n\r\nSed vestibulum laoreet mauris, sed elementum libero. Praesent vitae congue dolor, sit amet ultricies urna. Vivamus tempor, nunc quis mattis rutrum, diam sapien iaculis urna, eu vulputate tortor mi vitae enim. Pellentesque vitae arcu pulvinar, efficitur libero vitae, tempor lorem. Aliquam at vehicula sapien. Vestibulum pellentesque et diam a egestas. Cras sollicitudin vulputate risus vel suscipit. Nunc feugiat lorem quis massa interdum venenatis. Phasellus dictum arcu eget enim malesuada euismod. Pellentesque nisi nunc, dictum quis elit vel, tempus dictum ipsum. Maecenas hendrerit ante eu ante ultrices, at vestibulum nisi porttitor.\r\n\r\nCurabitur ut libero in nisi cursus porta. Aenean aliquam metus auctor risus faucibus, id tincidunt mauris vulputate. Pellentesque efficitur nisi ut velit egestas elementum. Fusce rutrum aliquam imperdiet. Nam varius imperdiet diam. Phasellus posuere mauris id lacus egestas finibus. Aliquam vestibulum mi ac risus malesuada, sed porta ligula posuere. Sed aliquam urna laoreet lacus aliquet, consequat pretium eros pulvinar. Fusce lacinia magna dui, id commodo erat pulvinar vehicula. Curabitur facilisis ornare nunc et laoreet. Phasellus sagittis ornare eros, vitae luctus risus fermentum vitae. Sed porta urna ac augue hendrerit malesuada. Integer eget sapien sit amet turpis congue bibendum. Vestibulum et auctor felis. Aliquam placerat risus porttitor turpis porttitor, eleifend eleifend metus accumsan. Nullam accumsan tristique dui, et semper purus aliquam non.", "read_count": 0, "category": 1}}, {"model": "Core.faq", "pk": 1, "fields": {"question": "Lorem ipsum dolor sit amet, consectetur adipiscing elit. Aliquam sit amet lobortis arcu. Etiam interdum ullamcorper orci vitae aliquam. Suspendisse non eleifend ante. Aliquam interdum diam vitae nunc luctus aliquet. Suspendisse potenti. Donec nec cursus metus, et volutpat tellus. Pellentesque eu facilisis purus. Vestibulum sed nibh vitae sapien iaculis interdum. Curabitur ac est ante.", "answer": "Lorem ipsum dolor sit amet, consectetur adipiscing elit. Aliquam sit amet lobortis arcu. Etiam interdum ullamcorper orci vitae aliquam. Suspendisse non eleifend ante. Aliquam interdum diam vitae nunc luctus aliquet. Suspendisse potenti. Donec nec cursus metus, et volutpat tellus. Pellentesque eu facilisis purus. Vestibulum sed nibh vitae sapien iaculis interdum. Curabitur ac est ante.Lorem ipsum dolor sit amet, consectetur adipiscing elit. Aliquam sit amet lobortis arcu. Etiam interdum ullamcorper orci vitae aliquam. Suspendisse non eleifend ante. Aliquam interdum diam vitae nunc luctus aliquet. Suspendisse potenti. Donec nec cursus metus, et volutpat tellus. Pellentesque eu facilisis purus. Vestibulum sed nibh vitae sapien iaculis interdum. Curabitur ac est ante.Lorem ipsum dolor sit amet, consectetur adipiscing elit. Aliquam sit amet lobortis arcu. Etiam interdum ullamcorper orci vitae aliquam. Suspendisse non eleifend ante. Aliquam interdum diam vitae nunc luctus aliquet. Suspendisse potenti. Donec nec cursus metus, et volutpat tellus. Pellentesque eu facilisis purus. Vestibulum sed nibh vitae sapien iaculis interdum. Curabitur ac est ante."}}, {"model": "Core.faq", "pk": 2, "fields": {"question": "Lorem ipsum dolor sit amet, consectetur adipiscing elit. Aliquam sit amet lobortis arcu. Etiam interdum ullamcorper orci vitae aliquam. Suspendisse non eleifend ante. Aliquam interdum diam vitae nunc luctus aliquet. Suspendisse potenti. Donec nec cursus metus, et volutpat tellus. Pellentesque eu facilisis purus. Vestibulum sed nibh vitae sapien iaculis interdum. Curabitur ac est ante.", "answer": "Lorem ipsum dolor sit amet, consectetur adipiscing elit. Aliquam sit amet lobortis arcu. Etiam interdum ullamcorper orci vitae aliquam. Suspendisse non eleifend ante. Aliquam interdum diam vitae nunc luctus aliquet. Suspendisse potenti. Donec nec cursus metus, et volutpat tellus. Pellentesque eu facilisis purus. Vestibulum sed nibh vitae sapien iaculis interdum. Curabitur ac est ante.Lorem ipsum dolor sit amet, consectetur adipiscing elit. Aliquam sit amet lobortis arcu. Etiam interdum ullamcorper orci vitae aliquam. Suspendisse non eleifend ante. Aliquam interdum diam vitae nunc luctus aliquet. Suspendisse potenti. Donec nec cursus metus, et volutpat tellus. Pellentesque eu facilisis purus. Vestibulum sed nibh vitae sapien iaculis interdum. Curabitur ac est ante.Lorem ipsum dolor sit amet, consectetur adipiscing elit. Aliquam sit amet lobortis arcu. Etiam interdum ullamcorper orci vitae aliquam. Suspendisse non eleifend ante. Aliquam interdum diam vitae nunc luctus aliquet. Suspendisse potenti. Donec nec cursus metus, et volutpat tellus. Pellentesque eu facilisis purus. Vestibulum sed nibh vitae sapien iaculis interdum. Curabitur ac est ante."}}, {"model": "Core.faq", "pk": 3, "fields": {"question": "Lorem ipsum dolor sit amet, consectetur adipiscing elit. Aliquam sit amet lobortis arcu. Etiam interdum ullamcorper orci vitae aliquam. Suspendisse non eleifend ante. Aliquam interdum diam vitae nunc luctus aliquet. Suspendisse potenti. Donec nec cursus metus, et volutpat tellus. Pellentesque eu facilisis purus. Vestibulum sed nibh vitae sapien iaculis interdum. Curabitur ac est ante.", "answer": "Lorem ipsum dolor sit amet, consectetur adipiscing elit. Aliquam sit amet lobortis arcu. Etiam interdum ullamcorper orci vitae aliquam. Suspendisse non eleifend ante. Aliquam interdum diam vitae nunc luctus aliquet. Suspendisse potenti. Donec nec cursus metus, et volutpat tellus. Pellentesque eu facilisis purus. Vestibulum sed nibh vitae sapien iaculis interdum. Curabitur ac est ante.Lorem ipsum dolor sit amet, consectetur adipiscing elit. Aliquam sit amet lobortis arcu. Etiam interdum ullamcorper orci vitae aliquam. Suspendisse non eleifend ante. Aliquam interdum diam vitae nunc luctus aliquet. Suspendisse potenti. Donec nec cursus metus, et volutpat tellus. Pellentesque eu facilisis purus. Vestibulum sed nibh vitae sapien iaculis interdum. Curabitur ac est ante.Lorem ipsum dolor sit amet, consectetur adipiscing elit. Aliquam sit amet lobortis arcu. Etiam interdum ullamcorper orci vitae aliquam. Suspendisse non eleifend ante. Aliquam interdum diam vitae nunc luctus aliquet. Suspendisse potenti. Donec nec cursus metus, et volutpat tellus. Pellentesque eu facilisis purus. Vestibulum sed nibh vitae sapien iaculis interdum. Curabitur ac est ante."}}, {"model": "Core.faq", "pk": 4, "fields": {"question": "Lorem ipsum dolor sit amet, consectetur adipiscing elit. Aliquam sit amet lobortis arcu. Etiam interdum ullamcorper orci vitae aliquam. Suspendisse non eleifend ante. Aliquam interdum diam vitae nunc luctus aliquet. Suspendisse potenti. Donec nec cursus metus, et volutpat tellus. Pellentesque eu facilisis purus. Vestibulum sed nibh vitae sapien iaculis interdum. Curabitur ac est ante.", "answer": "Lorem ipsum dolor sit amet, consectetur adipiscing elit. Aliquam sit amet lobortis arcu. Etiam interdum ullamcorper orci vitae aliquam. Suspendisse non eleifend ante. Aliquam interdum diam vitae nunc luctus aliquet. Suspendisse potenti. Donec nec cursus metus, et volutpat tellus. Pellentesque eu facilisis purus. Vestibulum sed nibh vitae sapien iaculis interdum. Curabitur ac est ante.Lorem ipsum dolor sit amet, consectetur adipiscing elit. Aliquam sit amet lobortis arcu. Etiam interdum ullamcorper orci vitae aliquam. Suspendisse non eleifend ante. Aliquam interdum diam vitae nunc luctus aliquet. Suspendisse potenti. Donec nec cursus metus, et volutpat tellus. Pellentesque eu facilisis purus. Vestibulum sed nibh vitae sapien iaculis interdum. Curabitur ac est ante.Lorem ipsum dolor sit amet, consectetur adipiscing elit. Aliquam sit amet lobortis arcu. Etiam interdum ullamcorper orci vitae aliquam. Suspendisse non eleifend ante. Aliquam interdum diam vitae nunc luctus aliquet. Suspendisse potenti. Donec nec cursus metus, et volutpat tellus. Pellentesque eu facilisis purus. Vestibulum sed nibh vitae sapien iaculis interdum. Curabitur ac est ante."}}, {"model": "Core.faq", "pk": 5, "fields": {"question": "Lorem ipsum dolor sit amet, consectetur adipiscing elit. Aliquam sit amet lobortis arcu. Etiam interdum ullamcorper orci vitae aliquam. Suspendisse non eleifend ante. Aliquam interdum diam vitae nunc luctus aliquet. Suspendisse potenti. Donec nec cursus metus, et volutpat tellus. Pellentesque eu facilisis purus. Vestibulum sed nibh vitae sapien iaculis interdum. Curabitur ac est ante.", "answer": "Lorem ipsum dolor sit amet, consectetur adipiscing elit. Aliquam sit amet lobortis arcu. Etiam interdum ullamcorper orci vitae aliquam. Suspendisse non eleifend ante. Aliquam interdum diam vitae nunc luctus aliquet. Suspendisse potenti. Donec nec cursus metus, et volutpat tellus. Pellentesque eu facilisis purus. Vestibulum sed nibh vitae sapien iaculis interdum. Curabitur ac est ante.Lorem ipsum dolor sit amet, consectetur adipiscing elit. Aliquam sit amet lobortis arcu. Etiam interdum ullamcorper orci vitae aliquam. Suspendisse non eleifend ante. Aliquam interdum diam vitae nunc luctus aliquet. Suspendisse potenti. Donec nec cursus metus, et volutpat tellus. Pellentesque eu facilisis purus. Vestibulum sed nibh vitae sapien iaculis interdum. Curabitur ac est ante.Lorem ipsum dolor sit amet, consectetur adipiscing elit. Aliquam sit amet lobortis arcu. Etiam interdum ullamcorper orci vitae aliquam. Suspendisse non eleifend ante. Aliquam interdum diam vitae nunc luctus aliquet. Suspendisse potenti. Donec nec cursus metus, et volutpat tellus. Pellentesque eu facilisis purus. Vestibulum sed nibh vitae sapien iaculis interdum. Curabitur ac est ante."}}, {"model": "Core.subscriber", "pk": 1, "fields": {"email": "rmusayevr19@gmail.com"}}, {"model": "Order.wishlist", "pk": 3, "fields": {"user": 1, "product": []}}, {"model": "Order.basket_item", "pk": 6, "fields": {"quantity": 1, "product": 5, "user": 1}}, {"model": "Order.basket_item", "pk": 7, "fields": {"quantity": 3, "product": 14, "user": 1}}, {"model": "Order.basket", "pk": 1, "fields": {"user": 1, "is_active": true, "items": [6, 7]}}, {"model": "User.user", "pk": 1, "fields": {"password": "pbkdf2_sha256$320000$WFsRXuaJgz8xBEk44msZXY$hqtwMxClxq5RCJx8FYioBbdnqLWD/vMNqB+Itc++7wU=", "last_login": "2022-11-17T16:45:30.231Z", "is_superuser": true, "username": "admin", "first_name": "", "last_name": "", "email": "", "is_staff": true, "is_active": true, "date_joined": "2022-11-04T11:44:45.887Z", "image": "", "groups": [], "user_permissions": []}}, {"model": "User.user", "pk": 2, "fields": {"password": "pbkdf2_sha256$320000$VYTqGgZQXlrCNmcjeMDI9d$pYVCVF/JYcRJNh0tzhbFlHm2hT5vBqWK6DbwT9ST9YU=", "last_login": "2022-11-05T15:35:58.513Z", "is_superuser": false, "username": "rmusayevr", "first_name": "Rashad", "last_name": "Musayev", "email": "rmusayevr19@gmail.com", "is_staff": false, "is_active": true, "date_joined": "2022-11-05T15:35:15.557Z", "image": "", "groups": [], "user_permissions": []}}, {"model": "User.user", "pk": 3, "fields": {"password": "!lg6Lx32eVp1ctuccOkRm00qBS5HHjbggSZF0WS1X", "last_login": "2022-11-05T15:36:40.561Z", "is_superuser": false, "username": "RadMusayev", "first_name": "Rad", "last_name": "Musayev", "email": "rmusayevr19@gmail.com", "is_staff": false, "is_active": true, "date_joined": "2022-11-05T15:36:40.082Z", "image": "User_Profile/562293088981304.png", "groups": [], "user_permissions": []}}]